{"3": {"success": [[0, 0], [1, 0], [4, 0], [5, 0], [7, 0], [8, 0], [10, 0], [11, 0], [12, 0], [13, 0], [16, 0], [19, 0], [21, 0], [22, 0], [29, 0], [31, 0], [35, 0], [36, 0], [38, 0], [44, 0], [45, 0], [46, 0], [47, 0], [50, 0], [51, 0], [52, 0], [55, 0], [57, 0], [58, 0], [60, 0], [61, 0], [62, 0], [63, 0], [64, 0], [65, 0], [68, 0], [69, 0], [70, 0], [71, 0], [72, 0], [73, 0], [74, 0], [75, 0], [76, 0], [79, 0], [81, 0], [82, 0], [84, 0], [85, 0], [86, 0], [87, 0], [88, 0], [91, 0], [92, 0], [94, 0], [95, 0], [97, 0], [99, 0], [2, 1], [3, 1], [6, 1], [14, 1], [18, 1], [24, 1], [30, 1], [32, 1], [33, 1], [66, 1], [77, 1], [96, 1], [98, 1], [17, 2], [23, 2], [25, 2], [37, 2], [48, 2], [67, 2], [90, 2]], "success_rate": 0.58, "success_rate_top3": 0.78, "success_rounds": {"0": 0, "1": 0, "4": 0, "5": 0, "7": 0, "8": 0, "10": 0, "11": 0, "12": 0, "13": 0, "16": 0, "19": 0, "21": 0, "22": 0, "29": 0, "31": 0, "35": 0, "36": 0, "38": 0, "44": 0, "45": 0, "46": 0, "47": 0, "50": 0, "51": 0, "52": 0, "55": 0, "57": 0, "58": 0, "60": 0, "61": 0, "62": 0, "63": 0, "64": 0, "65": 0, "68": 0, "69": 0, "70": 0, "71": 0, "72": 0, "73": 0, "74": 0, "75": 0, "76": 0, "79": 0, "81": 0, "82": 0, "84": 0, "85": 0, "86": 0, "87": 0, "88": 0, "91": 0, "92": 0, "94": 0, "95": 0, "97": 0, "99": 0, "2": 1, "3": 1, "6": 1, "14": 1, "18": 1, "24": 1, "30": 1, "32": 1, "33": 1, "66": 1, "77": 1, "96": 1, "98": 1, "17": 2, "23": 2, "25": 2, "37": 2, "48": 2, "67": 2, "90": 2}, "sampling_time": [[22.44529676437378, 100, 0.2244529676437378], [22.296894550323486, 100, 0.22296894550323487], [22.50546383857727, 100, 0.2250546383857727]], "all_failure_modes": {"0": {"2": [["close-to", 2, 3], ["close-to", 3, 2], ["h-aligned", 3, 1], ["h-aligned", 1, 3]], "3": [["cfree", 0, 1], ["cfree", 0, 3]], "6": [["cfree", 0, 2]], "9": [["cfree", 0, 1], ["cfree", 1, 2], ["cfree", 2, 3]], "14": [["top-of", 3, 2]], "15": [["left-in", 1, 0]], "17": [["close-to", 1, 2], ["close-to", 2, 1]], "18": [["cfree", 0, 2]], "20": [["cfree", 0, 2]], "23": [["cfree", 0, 3]], "24": [["cfree", 0, 2], ["cfree", 0, 3]], "25": [["cfree", 0, 3]], "26": [["cfree", 0, 1], ["cfree", 0, 2]], "27": [["cfree", 1, 2]], "28": [["cfree", 0, 1]], "30": [["top-of", 2, 1]], "32": [["cfree", 0, 2]], "33": [["v-aligned", 3, 2], ["v-aligned", 2, 3]], "34": [["right-in", 3, 0], ["v-aligned", 3, 2], ["v-aligned", 2, 3]], "37": [["cfree", 0, 3]], "39": [["left-of", 1, 2]], "40": [["cfree", 0, 1], ["cfree", 0, 2]], "41": [["cfree", 0, 2]], "42": [["away-from", 1, 2], ["away-from", 2, 1]], "43": [["cfree", 2, 3]], "48": [["h-aligned", 3, 2], ["h-aligned", 2, 3]], "49": [["cfree", 0, 1]], "53": [["left-in", 2, 0], ["left-of", 2, 3]], "54": [["v-aligned", 3, 1], ["v-aligned", 1, 3]], "56": [["cfree", 1, 3], ["cfree", 2, 3]], "59": [["center-in", 2, 0]], "66": [["cfree", 0, 1], ["cfree", 0, 2]], "67": [["bottom-in", 2, 0], ["v-aligned", 3, 1], ["v-aligned", 1, 3]], "77": [["v-aligned", 3, 2], ["v-aligned", 2, 3]], "78": [["cfree", 0, 2]], "80": [["left-of", 1, 2], ["top-in", 3, 0]], "83": [["v-aligned", 2, 1], ["v-aligned", 1, 2]], "89": [["cfree", 0, 2]], "90": [["cfree", 0, 2]], "93": [["cfree", 0, 1]], "96": [["left-of", 2, 3], ["right-in", 2, 0]], "98": [["v-aligned", 2, 1], ["v-aligned", 1, 2]]}, "1": {"9": [["close-to", 1, 2], ["close-to", 2, 1]], "15": [["left-in", 1, 0], ["left-of", 1, 3]], "17": [["close-to", 1, 2], ["close-to", 2, 1]], "20": [["cfree", 0, 2]], "23": [["cfree", 0, 3]], "25": [["away-from", 1, 2], ["away-from", 2, 1], ["v-aligned", 3, 1], ["v-aligned", 1, 3]], "26": [["cfree", 0, 1], ["cfree", 0, 2]], "27": [["bottom-in", 2, 0], ["close-to", 1, 2], ["close-to", 2, 1]], "28": [["cfree", 0, 2]], "34": [["cfree", 0, 2]], "37": [["v-aligned", 3, 1], ["v-aligned", 1, 3]], "39": [["center-in", 2, 0]], "40": [["cfree", 0, 3], ["cfree", 0, 1]], "41": [["away-from", 1, 2], ["away-from", 2, 1], ["away-from", 2, 3], ["away-from", 3, 2]], "42": [["cfree", 0, 3]], "43": [["right-in", 3, 0]], "48": [["left-of", 2, 3]], "49": [["cfree", 0, 3]], "53": [["cfree", 0, 1]], "54": [["cfree", 2, 3]], "56": [["cfree", 0, 2], ["cfree", 2, 3]], "59": [["cfree", 0, 3]], "67": [["cfree", 0, 1]], "78": [["bottom-in", 1, 0]], "80": [["away-from", 1, 3], ["away-from", 3, 1], ["top-in", 3, 0]], "83": [["v-aligned", 2, 1], ["v-aligned", 1, 2]], "89": [["left-of", 2, 3]], "90": [["cfree", 0, 2]], "93": [["cfree", 0, 1]]}, "2": {"9": [["close-to", 1, 2], ["close-to", 2, 1]], "15": [["left-of", 1, 2]], "20": [["v-aligned", 2, 1], ["v-aligned", 1, 2]], "26": [["cfree", 0, 1]], "27": [["bottom-in", 2, 0]], "28": [["cfree", 0, 2]], "34": [["cfree", 0, 1]], "39": [["cfree", 0, 1]], "40": [["cfree", 0, 1], ["cfree", 0, 2]], "41": [["left-of", 1, 3]], "42": [["away-from", 1, 2], ["away-from", 2, 1], ["left-in", 1, 0]], "43": [["right-in", 2, 0], ["v-aligned", 3, 2], ["v-aligned", 2, 3]], "49": [["cfree", 0, 1]], "53": [["cfree", 0, 1]], "54": [["cfree", 2, 3]], "56": [["close-to", 2, 3], ["close-to", 3, 2], ["v-aligned", 2, 1], ["v-aligned", 1, 2]], "59": [["cfree", 0, 1]], "78": [["cfree", 0, 1], ["cfree", 1, 3]], "80": [["top-in", 3, 0]], "83": [["v-aligned", 2, 1], ["v-aligned", 1, 2]], "89": [["left-of", 2, 3]], "93": [["cfree", 0, 1]]}}, "eval_tries": 2, "visualize": false}}