{"3": {"success": [[1, 0], [2, 0], [4, 0], [5, 0], [6, 0], [7, 0], [10, 0], [12, 0], [14, 0], [18, 0], [21, 0], [23, 0], [24, 0], [31, 0], [33, 0], [34, 0], [36, 0], [37, 0], [38, 0], [42, 0], [45, 0], [46, 0], [48, 0], [50, 0], [54, 0], [56, 0], [59, 0], [60, 0], [62, 0], [63, 0], [64, 0], [65, 0], [66, 0], [68, 0], [69, 0], [70, 0], [71, 0], [74, 0], [75, 0], [77, 0], [82, 0], [83, 0], [84, 0], [87, 0], [88, 0], [91, 0], [92, 0], [94, 0], [95, 0], [98, 0], [8, 1], [11, 1], [15, 1], [20, 1], [25, 1], [29, 1], [30, 1], [35, 1], [39, 1], [44, 1], [47, 1], [51, 1], [52, 1], [53, 1], [57, 1], [58, 1], [73, 1], [76, 1], [78, 1], [79, 1], [80, 1], [85, 1], [96, 1], [99, 1], [0, 2], [13, 2], [16, 2], [27, 2], [61, 2], [72, 2], [81, 2], [86, 2], [97, 2]], "success_rate": 0.5, "success_rate_top3": 0.83, "success_rounds": {"1": 0, "2": 0, "4": 0, "5": 0, "6": 0, "7": 0, "10": 0, "12": 0, "14": 0, "18": 0, "21": 0, "23": 0, "24": 0, "31": 0, "33": 0, "34": 0, "36": 0, "37": 0, "38": 0, "42": 0, "45": 0, "46": 0, "48": 0, "50": 0, "54": 0, "56": 0, "59": 0, "60": 0, "62": 0, "63": 0, "64": 0, "65": 0, "66": 0, "68": 0, "69": 0, "70": 0, "71": 0, "74": 0, "75": 0, "77": 0, "82": 0, "83": 0, "84": 0, "87": 0, "88": 0, "91": 0, "92": 0, "94": 0, "95": 0, "98": 0, "8": 1, "11": 1, "15": 1, "20": 1, "25": 1, "29": 1, "30": 1, "35": 1, "39": 1, "44": 1, "47": 1, "51": 1, "52": 1, "53": 1, "57": 1, "58": 1, "73": 1, "76": 1, "78": 1, "79": 1, "80": 1, "85": 1, "96": 1, "99": 1, "0": 2, "13": 2, "16": 2, "27": 2, "61": 2, "72": 2, "81": 2, "86": 2, "97": 2}, "sampling_time": [[15.928632736206055, 100, 0.15928632736206055], [15.924839496612549, 100, 0.1592483949661255], [16.03130078315735, 100, 0.16031300783157348]], "all_failure_modes": {"0": {"0": [["cfree", 0, 3]], "3": [["h-aligned", 2, 1], ["h-aligned", 1, 2]], "8": [["away-from", 1, 2], ["away-from", 2, 1]], "9": [["close-to", 1, 2], ["close-to", 2, 1], ["right-in", 2, 0]], "11": [["cfree", 0, 3]], "13": [["cfree", 0, 3]], "15": [["left-of", 1, 3]], "16": [["cfree", 0, 2]], "17": [["close-to", 1, 2], ["close-to", 2, 1], ["h-aligned", 3, 1], ["h-aligned", 1, 3]], "19": [["cfree", 0, 2]], "20": [["v-aligned", 2, 1], ["v-aligned", 1, 2]], "22": [["center-in", 1, 0], ["top-of", 3, 1]], "25": [["top-in", 2, 0]], "26": [["cfree", 0, 1]], "27": [["bottom-in", 2, 0]], "28": [["cfree", 0, 1]], "29": [["cfree", 0, 1]], "30": [["cfree", 0, 3]], "32": [["h-aligned", 2, 1], ["h-aligned", 1, 2]], "35": [["cfree", 0, 1]], "39": [["cfree", 0, 1]], "40": [["cfree", 0, 1], ["cfree", 0, 2], ["cfree", 0, 3]], "41": [["away-from", 2, 3], ["away-from", 3, 2], ["left-of", 1, 3]], "43": [["v-aligned", 3, 2], ["v-aligned", 2, 3]], "44": [["cfree", 0, 1]], "47": [["cfree", 0, 1]], "49": [["cfree", 0, 2], ["cfree", 0, 1]], "51": [["cfree", 0, 3]], "52": [["top-of", 2, 1]], "53": [["left-in", 2, 0]], "55": [["cfree", 1, 3]], "57": [["top-of", 3, 1]], "58": [["cfree", 0, 3]], "61": [["cfree", 0, 3]], "67": [["bottom-in", 2, 0], ["v-aligned", 3, 1], ["v-aligned", 1, 3]], "72": [["cfree", 0, 1]], "73": [["away-from", 1, 3], ["away-from", 3, 1]], "76": [["cfree", 0, 2], ["cfree", 1, 2], ["cfree", 2, 3]], "78": [["cfree", 0, 1]], "79": [["left-of", 1, 2]], "80": [["away-from", 1, 3], ["away-from", 3, 1], ["top-in", 3, 0]], "81": [["cfree", 0, 2], ["cfree", 0, 3]], "85": [["cfree", 0, 3]], "86": [["h-aligned", 2, 1], ["h-aligned", 1, 2]], "89": [["h-aligned", 3, 2], ["h-aligned", 2, 3], ["left-of", 2, 3]], "90": [["cfree", 0, 3], ["cfree", 0, 2]], "93": [["cfree", 0, 1]], "96": [["cfree", 0, 2]], "97": [["v-aligned", 3, 2], ["v-aligned", 2, 3]], "99": [["cfree", 0, 2]]}, "1": {"0": [["h-aligned", 3, 2], ["h-aligned", 2, 3], ["left-of", 1, 2]], "3": [["cfree", 0, 3]], "9": [["close-to", 1, 2], ["close-to", 2, 1], ["left-of", 2, 3], ["right-in", 2, 0]], "13": [["cfree", 0, 3]], "16": [["cfree", 0, 3]], "17": [["close-to", 1, 2], ["close-to", 2, 1]], "19": [["cfree", 0, 2], ["cfree", 2, 3]], "22": [["center-in", 1, 0], ["top-of", 3, 1]], "26": [["cfree", 0, 1]], "27": [["cfree", 1, 2]], "28": [["cfree", 0, 1]], "32": [["cfree", 0, 1]], "40": [["cfree", 0, 1], ["cfree", 0, 2], ["cfree", 0, 3]], "41": [["away-from", 1, 2], ["away-from", 2, 1], ["away-from", 2, 3], ["away-from", 3, 2], ["left-in", 1, 0], ["left-of", 1, 3]], "43": [["right-in", 3, 0]], "49": [["cfree", 0, 2], ["cfree", 0, 1]], "55": [["close-to", 1, 3], ["close-to", 3, 1]], "61": [["h-aligned", 3, 1], ["h-aligned", 1, 3]], "67": [["bottom-in", 2, 0]], "72": [["cfree", 0, 1]], "81": [["cfree", 0, 1]], "86": [["cfree", 0, 1]], "89": [["left-of", 2, 3]], "90": [["cfree", 0, 2]], "93": [["cfree", 0, 1]], "97": [["cfree", 0, 3]]}, "2": {"3": [["away-from", 1, 2], ["away-from", 2, 1]], "9": [["close-to", 1, 2], ["close-to", 2, 1], ["left-of", 2, 3], ["right-in", 2, 0]], "17": [["close-to", 1, 2], ["close-to", 2, 1], ["h-aligned", 2, 1], ["h-aligned", 1, 2], ["h-aligned", 3, 1], ["h-aligned", 1, 3]], "19": [["cfree", 0, 3]], "22": [["top-of", 3, 1]], "26": [["cfree", 0, 1]], "28": [["cfree", 0, 1]], "32": [["away-from", 1, 3], ["away-from", 3, 1], ["h-aligned", 2, 1], ["h-aligned", 1, 2]], "40": [["cfree", 0, 1]], "41": [["cfree", 0, 2]], "43": [["cfree", 2, 3]], "49": [["center-in", 1, 0]], "55": [["h-aligned", 2, 1], ["h-aligned", 1, 2]], "67": [["bottom-in", 2, 0], ["v-aligned", 3, 1], ["v-aligned", 1, 3]], "89": [["center-in", 1, 0], ["left-of", 2, 3]], "90": [["away-from", 1, 3], ["away-from", 3, 1], ["top-in", 3, 0]], "93": [["cfree", 0, 1]]}}, "eval_tries": 2, "visualize": false}}