{"3": {"success": [[0, 0], [1, 0], [3, 0], [5, 0], [6, 0], [7, 0], [10, 0], [11, 0], [12, 0], [14, 0], [15, 0], [16, 0], [18, 0], [19, 0], [20, 0], [29, 0], [33, 0], [34, 0], [35, 0], [42, 0], [44, 0], [46, 0], [52, 0], [54, 0], [61, 0], [64, 0], [65, 0], [66, 0], [68, 0], [69, 0], [70, 0], [71, 0], [72, 0], [73, 0], [74, 0], [75, 0], [76, 0], [77, 0], [79, 0], [80, 0], [84, 0], [86, 0], [88, 0], [92, 0], [94, 0], [95, 0], [97, 0], [98, 0], [99, 0], [8, 1], [21, 1], [22, 1], [23, 1], [24, 1], [25, 1], [37, 1], [39, 1], [41, 1], [43, 1], [45, 1], [47, 1], [51, 1], [60, 1], [63, 1], [82, 1], [85, 1], [87, 1], [91, 1], [2, 2], [4, 2], [13, 2], [38, 2], [48, 2], [56, 2], [57, 2], [96, 2]], "success_rate": 0.49, "success_rate_top3": 0.76, "success_rounds": {"0": 0, "1": 0, "3": 0, "5": 0, "6": 0, "7": 0, "10": 0, "11": 0, "12": 0, "14": 0, "15": 0, "16": 0, "18": 0, "19": 0, "20": 0, "29": 0, "33": 0, "34": 0, "35": 0, "42": 0, "44": 0, "46": 0, "52": 0, "54": 0, "61": 0, "64": 0, "65": 0, "66": 0, "68": 0, "69": 0, "70": 0, "71": 0, "72": 0, "73": 0, "74": 0, "75": 0, "76": 0, "77": 0, "79": 0, "80": 0, "84": 0, "86": 0, "88": 0, "92": 0, "94": 0, "95": 0, "97": 0, "98": 0, "99": 0, "8": 1, "21": 1, "22": 1, "23": 1, "24": 1, "25": 1, "37": 1, "39": 1, "41": 1, "43": 1, "45": 1, "47": 1, "51": 1, "60": 1, "63": 1, "82": 1, "85": 1, "87": 1, "91": 1, "2": 2, "4": 2, "13": 2, "38": 2, "48": 2, "56": 2, "57": 2, "96": 2}, "sampling_time": [[9.556775569915771, 100, 0.09556775569915771], [9.544965982437134, 100, 0.09544965982437134], [9.571531295776367, 100, 0.09571531295776367]], "all_failure_modes": {"0": {"2": [["h-aligned", 2, 1], ["h-aligned", 1, 2], ["h-aligned", 3, 1], ["h-aligned", 1, 3]], "4": [["cfree", 0, 3]], "8": [["away-from", 1, 2], ["away-from", 2, 1]], "9": [["close-to", 1, 2], ["close-to", 2, 1]], "13": [["h-aligned", 3, 2], ["h-aligned", 2, 3]], "17": [["close-to", 1, 2], ["close-to", 2, 1]], "21": [["h-aligned", 3, 2], ["h-aligned", 2, 3]], "22": [["center-in", 1, 0]], "23": [["cfree", 0, 3]], "24": [["cfree", 0, 1]], "25": [["cfree", 0, 3]], "26": [["cfree", 0, 1]], "27": [["bottom-in", 2, 0]], "28": [["cfree", 0, 1]], "30": [["cfree", 0, 3]], "31": [["cfree", 1, 3]], "32": [["cfree", 0, 1], ["cfree", 0, 2]], "36": [["left-of", 1, 2]], "37": [["v-aligned", 3, 1], ["v-aligned", 1, 3]], "38": [["top-of", 3, 2], ["v-aligned", 3, 2], ["v-aligned", 2, 3]], "39": [["cfree", 0, 1]], "40": [["cfree", 0, 2]], "41": [["cfree", 0, 2], ["cfree", 2, 3]], "43": [["close-to", 2, 3], ["close-to", 3, 2]], "45": [["cfree", 0, 3]], "47": [["cfree", 0, 2]], "48": [["left-in", 2, 0]], "49": [["cfree", 0, 2]], "50": [["cfree", 0, 1]], "51": [["cfree", 0, 3]], "53": [["left-in", 2, 0]], "55": [["close-to", 1, 3], ["close-to", 3, 1]], "56": [["cfree", 0, 2], ["cfree", 2, 3]], "57": [["cfree", 0, 2]], "58": [["cfree", 0, 3], ["cfree", 0, 2], ["cfree", 1, 3]], "59": [["center-in", 2, 0]], "60": [["cfree", 1, 2]], "62": [["bottom-in", 1, 0]], "63": [["cfree", 1, 2]], "67": [["v-aligned", 3, 1], ["v-aligned", 1, 3]], "78": [["bottom-in", 1, 0]], "81": [["cfree", 0, 3]], "82": [["away-from", 1, 3], ["away-from", 3, 1]], "83": [["cfree", 0, 2], ["cfree", 0, 3]], "85": [["h-aligned", 2, 1], ["h-aligned", 1, 2]], "87": [["left-of", 2, 3], ["v-aligned", 2, 1], ["v-aligned", 1, 2]], "89": [["cfree", 1, 2]], "90": [["cfree", 0, 3]], "91": [["cfree", 0, 3]], "93": [["cfree", 0, 1]], "96": [["h-aligned", 3, 2], ["h-aligned", 2, 3]]}, "1": {"2": [["cfree", 2, 3]], "4": [["h-aligned", 3, 2], ["h-aligned", 2, 3]], "9": [["close-to", 1, 2], ["close-to", 2, 1], ["right-in", 2, 0]], "13": [["cfree", 0, 3]], "17": [["close-to", 1, 2], ["close-to", 2, 1]], "26": [["cfree", 0, 1]], "27": [["bottom-in", 2, 0]], "28": [["cfree", 0, 1]], "30": [["cfree", 0, 3]], "31": [["cfree", 1, 2]], "32": [["away-from", 1, 3], ["away-from", 3, 1], ["away-from", 2, 3], ["away-from", 3, 2], ["h-aligned", 2, 1], ["h-aligned", 1, 2]], "36": [["away-from", 1, 3], ["away-from", 3, 1], ["top-of", 3, 2]], "38": [["cfree", 0, 3]], "40": [["cfree", 0, 1]], "48": [["h-aligned", 3, 2], ["h-aligned", 2, 3]], "49": [["cfree", 0, 2], ["cfree", 0, 3], ["cfree", 0, 1]], "50": [["cfree", 0, 1]], "53": [["left-in", 2, 0]], "55": [["h-aligned", 2, 1], ["h-aligned", 1, 2]], "56": [["v-aligned", 2, 1], ["v-aligned", 1, 2]], "57": [["cfree", 0, 2]], "58": [["cfree", 1, 3], ["cfree", 2, 3]], "59": [["cfree", 0, 3]], "62": [["bottom-in", 1, 0]], "67": [["bottom-in", 2, 0]], "78": [["cfree", 0, 2]], "81": [["cfree", 0, 1], ["cfree", 0, 2], ["cfree", 0, 3]], "83": [["cfree", 0, 3]], "89": [["left-of", 2, 3]], "90": [["top-in", 3, 0]], "93": [["cfree", 0, 1]], "96": [["cfree", 0, 3]]}, "2": {"9": [["close-to", 1, 2], ["close-to", 2, 1]], "17": [["close-to", 1, 2], ["close-to", 2, 1]], "26": [["cfree", 0, 1]], "27": [["bottom-in", 2, 0]], "28": [["cfree", 0, 1]], "30": [["cfree", 0, 2], ["cfree", 0, 3]], "31": [["cfree", 1, 2]], "32": [["cfree", 0, 1]], "36": [["away-from", 1, 3], ["away-from", 3, 1]], "40": [["cfree", 0, 1], ["cfree", 0, 2]], "49": [["cfree", 0, 2], ["cfree", 0, 3], ["cfree", 0, 1]], "50": [["cfree", 0, 1]], "53": [["cfree", 0, 1]], "55": [["h-aligned", 2, 1], ["h-aligned", 1, 2]], "58": [["cfree", 0, 3]], "59": [["cfree", 0, 3]], "62": [["bottom-in", 1, 0]], "67": [["cfree", 0, 1]], "78": [["bottom-in", 1, 0]], "81": [["cfree", 0, 1], ["cfree", 0, 2]], "83": [["v-aligned", 2, 1], ["v-aligned", 1, 2]], "89": [["cfree", 0, 2]], "90": [["cfree", 0, 3]], "93": [["cfree", 0, 1]]}}, "eval_tries": 2, "visualize": false}}