{"3": {"success": [[0, 0], [1, 0], [4, 0], [5, 0], [7, 0], [8, 0], [11, 0], [12, 0], [18, 0], [20, 0], [22, 0], [24, 0], [30, 0], [31, 0], [33, 0], [34, 0], [38, 0], [46, 0], [47, 0], [48, 0], [50, 0], [51, 0], [57, 0], [59, 0], [60, 0], [63, 0], [64, 0], [65, 0], [67, 0], [68, 0], [69, 0], [70, 0], [71, 0], [72, 0], [74, 0], [76, 0], [77, 0], [79, 0], [84, 0], [85, 0], [86, 0], [87, 0], [88, 0], [92, 0], [94, 0], [95, 0], [97, 0], [98, 0], [6, 1], [10, 1], [14, 1], [23, 1], [25, 1], [27, 1], [29, 1], [37, 1], [41, 1], [44, 1], [45, 1], [54, 1], [61, 1], [66, 1], [73, 1], [75, 1], [82, 1], [90, 1], [91, 1], [93, 1], [96, 1], [99, 1], [2, 2], [19, 2], [32, 2], [35, 2], [39, 2], [55, 2], [58, 2], [62, 2]], "success_rate": 0.48, "success_rate_top3": 0.78, "success_rounds": {"0": 0, "1": 0, "4": 0, "5": 0, "7": 0, "8": 0, "11": 0, "12": 0, "18": 0, "20": 0, "22": 0, "24": 0, "30": 0, "31": 0, "33": 0, "34": 0, "38": 0, "46": 0, "47": 0, "48": 0, "50": 0, "51": 0, "57": 0, "59": 0, "60": 0, "63": 0, "64": 0, "65": 0, "67": 0, "68": 0, "69": 0, "70": 0, "71": 0, "72": 0, "74": 0, "76": 0, "77": 0, "79": 0, "84": 0, "85": 0, "86": 0, "87": 0, "88": 0, "92": 0, "94": 0, "95": 0, "97": 0, "98": 0, "6": 1, "10": 1, "14": 1, "23": 1, "25": 1, "27": 1, "29": 1, "37": 1, "41": 1, "44": 1, "45": 1, "54": 1, "61": 1, "66": 1, "73": 1, "75": 1, "82": 1, "90": 1, "91": 1, "93": 1, "96": 1, "99": 1, "2": 2, "19": 2, "32": 2, "35": 2, "39": 2, "55": 2, "58": 2, "62": 2}, "sampling_time": [[12.765540361404419, 100, 0.12765540361404418], [12.71062445640564, 100, 0.1271062445640564], [12.81361722946167, 100, 0.1281361722946167]], "all_failure_modes": {"0": {"2": [["cfree", 0, 3]], "3": [["away-from", 1, 2], ["away-from", 2, 1]], "6": [["v-aligned", 2, 1], ["v-aligned", 1, 2]], "9": [["close-to", 1, 2], ["close-to", 2, 1]], "10": [["cfree", 0, 2], ["cfree", 2, 3]], "13": [["cfree", 0, 3]], "14": [["top-in", 3, 0]], "15": [["left-of", 1, 2], ["left-of", 1, 3]], "16": [["cfree", 0, 2], ["cfree", 0, 3]], "17": [["cfree", 0, 3]], "19": [["cfree", 0, 3]], "21": [["cfree", 0, 2]], "23": [["cfree", 0, 3]], "25": [["cfree", 0, 3]], "26": [["cfree", 0, 1], ["cfree", 0, 2]], "27": [["bottom-in", 2, 0]], "28": [["cfree", 0, 2], ["cfree", 0, 1], ["cfree", 1, 2]], "29": [["cfree", 0, 2]], "32": [["h-aligned", 2, 1], ["h-aligned", 1, 2], ["left-of", 1, 2]], "35": [["center-in", 1, 0], ["h-aligned", 3, 2], ["h-aligned", 2, 3]], "36": [["cfree", 0, 3]], "37": [["cfree", 0, 3]], "39": [["cfree", 0, 1]], "40": [["away-from", 1, 2], ["away-from", 2, 1]], "41": [["cfree", 2, 3]], "42": [["cfree", 0, 3]], "43": [["close-to", 2, 3], ["close-to", 3, 2], ["v-aligned", 3, 2], ["v-aligned", 2, 3]], "44": [["cfree", 0, 2]], "45": [["left-of", 1, 3]], "49": [["cfree", 0, 1]], "52": [["cfree", 0, 1]], "53": [["h-aligned", 3, 2], ["h-aligned", 2, 3], ["left-in", 2, 0]], "54": [["close-to", 2, 3], ["close-to", 3, 2]], "55": [["cfree", 0, 3]], "56": [["close-to", 1, 3], ["close-to", 3, 1]], "58": [["cfree", 0, 1], ["cfree", 0, 3]], "61": [["cfree", 0, 2]], "62": [["bottom-in", 1, 0]], "66": [["cfree", 0, 1]], "73": [["cfree", 0, 2]], "75": [["cfree", 0, 1]], "78": [["bottom-in", 1, 0], ["v-aligned", 2, 1], ["v-aligned", 1, 2]], "80": [["cfree", 0, 3]], "81": [["cfree", 0, 2], ["cfree", 0, 1]], "82": [["away-from", 1, 3], ["away-from", 3, 1], ["v-aligned", 2, 1], ["v-aligned", 1, 2]], "83": [["cfree", 0, 3]], "89": [["h-aligned", 3, 2], ["h-aligned", 2, 3], ["left-of", 2, 3]], "90": [["top-in", 3, 0]], "91": [["cfree", 0, 1]], "93": [["cfree", 0, 1]], "96": [["cfree", 0, 3]], "99": [["cfree", 0, 2]]}, "1": {"2": [["left-of", 1, 2]], "3": [["cfree", 0, 1]], "9": [["close-to", 1, 2], ["close-to", 2, 1], ["left-of", 2, 3], ["right-in", 2, 0]], "13": [["cfree", 0, 3]], "15": [["left-in", 1, 0]], "16": [["v-aligned", 2, 1], ["v-aligned", 1, 2]], "17": [["close-to", 1, 2], ["close-to", 2, 1]], "19": [["cfree", 2, 3]], "21": [["cfree", 0, 2]], "26": [["cfree", 0, 2], ["cfree", 0, 1]], "28": [["cfree", 0, 1], ["cfree", 0, 2]], "32": [["h-aligned", 2, 1], ["h-aligned", 1, 2], ["left-of", 1, 2]], "35": [["cfree", 0, 2]], "36": [["away-from", 1, 3], ["away-from", 3, 1]], "39": [["left-in", 2, 0]], "40": [["away-from", 1, 2], ["away-from", 2, 1], ["away-from", 1, 3], ["away-from", 3, 1]], "42": [["cfree", 0, 3]], "43": [["right-in", 2, 0], ["v-aligned", 3, 2], ["v-aligned", 2, 3]], "49": [["cfree", 0, 2], ["cfree", 0, 1]], "52": [["cfree", 0, 3]], "53": [["left-in", 2, 0]], "55": [["close-to", 1, 3], ["close-to", 3, 1]], "56": [["cfree", 1, 3]], "58": [["cfree", 0, 3]], "62": [["bottom-in", 1, 0]], "78": [["bottom-in", 1, 0], ["v-aligned", 2, 1], ["v-aligned", 1, 2]], "80": [["away-from", 2, 3], ["away-from", 3, 2]], "81": [["cfree", 0, 2]], "83": [["cfree", 0, 3]], "89": [["cfree", 1, 2]]}, "2": {"3": [["away-from", 1, 2], ["away-from", 2, 1]], "9": [["close-to", 1, 2], ["close-to", 2, 1], ["left-of", 2, 3]], "13": [["h-aligned", 3, 2], ["h-aligned", 2, 3]], "15": [["left-in", 1, 0]], "16": [["cfree", 0, 2]], "17": [["h-aligned", 3, 1], ["h-aligned", 1, 3]], "21": [["h-aligned", 3, 2], ["h-aligned", 2, 3]], "26": [["cfree", 0, 1]], "28": [["cfree", 0, 1], ["cfree", 0, 2]], "36": [["left-of", 1, 2]], "40": [["cfree", 0, 1], ["cfree", 0, 2]], "42": [["cfree", 0, 3]], "43": [["v-aligned", 3, 2], ["v-aligned", 2, 3]], "49": [["cfree", 0, 3]], "52": [["cfree", 0, 1], ["cfree", 1, 3]], "53": [["h-aligned", 3, 2], ["h-aligned", 2, 3], ["left-in", 2, 0]], "56": [["cfree", 2, 3]], "78": [["cfree", 0, 1]], "80": [["cfree", 0, 3]], "81": [["cfree", 0, 1], ["cfree", 0, 3]], "83": [["cfree", 0, 3]], "89": [["h-aligned", 3, 2], ["h-aligned", 2, 3], ["left-of", 2, 3]]}}, "eval_tries": 2, "visualize": false}}