{"3": {"success": [[0, 0], [1, 0], [2, 0], [3, 0], [4, 0], [7, 0], [10, 0], [11, 0], [12, 0], [18, 0], [21, 0], [22, 0], [29, 0], [30, 0], [32, 0], [33, 0], [34, 0], [36, 0], [37, 0], [39, 0], [43, 0], [44, 0], [45, 0], [46, 0], [47, 0], [50, 0], [51, 0], [52, 0], [58, 0], [59, 0], [63, 0], [64, 0], [65, 0], [66, 0], [68, 0], [70, 0], [71, 0], [75, 0], [76, 0], [77, 0], [79, 0], [80, 0], [82, 0], [84, 0], [86, 0], [87, 0], [88, 0], [92, 0], [97, 0], [98, 0], [99, 0], [5, 1], [6, 1], [14, 1], [17, 1], [24, 1], [27, 1], [35, 1], [38, 1], [41, 1], [48, 1], [54, 1], [57, 1], [61, 1], [69, 1], [74, 1], [91, 1], [94, 1], [95, 1], [13, 2], [15, 2], [25, 2], [28, 2], [60, 2], [62, 2], [73, 2], [96, 2]], "success_rate": 0.51, "success_rate_top3": 0.77, "success_rounds": {"0": 0, "1": 0, "2": 0, "3": 0, "4": 0, "7": 0, "10": 0, "11": 0, "12": 0, "18": 0, "21": 0, "22": 0, "29": 0, "30": 0, "32": 0, "33": 0, "34": 0, "36": 0, "37": 0, "39": 0, "43": 0, "44": 0, "45": 0, "46": 0, "47": 0, "50": 0, "51": 0, "52": 0, "58": 0, "59": 0, "63": 0, "64": 0, "65": 0, "66": 0, "68": 0, "70": 0, "71": 0, "75": 0, "76": 0, "77": 0, "79": 0, "80": 0, "82": 0, "84": 0, "86": 0, "87": 0, "88": 0, "92": 0, "97": 0, "98": 0, "99": 0, "5": 1, "6": 1, "14": 1, "17": 1, "24": 1, "27": 1, "35": 1, "38": 1, "41": 1, "48": 1, "54": 1, "57": 1, "61": 1, "69": 1, "74": 1, "91": 1, "94": 1, "95": 1, "13": 2, "15": 2, "25": 2, "28": 2, "60": 2, "62": 2, "73": 2, "96": 2}, "sampling_time": [[17.656721591949463, 100, 0.17656721591949462], [17.532970428466797, 100, 0.17532970428466796], [17.730937480926514, 100, 0.17730937480926515]], "all_failure_modes": {"0": {"5": [["away-from", 1, 3], ["away-from", 3, 1]], "6": [["v-aligned", 2, 1], ["v-aligned", 1, 2]], "8": [["away-from", 1, 2], ["away-from", 2, 1]], "9": [["close-to", 1, 2], ["close-to", 2, 1], ["left-in", 1, 0]], "13": [["cfree", 0, 3]], "14": [["left-of", 1, 2]], "15": [["left-of", 1, 2]], "16": [["cfree", 0, 3]], "17": [["close-to", 1, 2], ["close-to", 2, 1]], "19": [["cfree", 2, 3]], "20": [["cfree", 0, 3]], "23": [["cfree", 0, 2]], "24": [["cfree", 0, 3]], "25": [["cfree", 0, 3]], "26": [["cfree", 0, 1]], "27": [["bottom-in", 2, 0]], "28": [["cfree", 0, 1]], "31": [["cfree", 0, 2], ["cfree", 0, 1], ["cfree", 1, 2]], "35": [["cfree", 0, 1]], "38": [["cfree", 1, 3]], "40": [["cfree", 0, 1], ["cfree", 0, 2]], "41": [["right-in", 3, 0]], "42": [["away-from", 1, 2], ["away-from", 2, 1]], "48": [["cfree", 1, 3]], "49": [["cfree", 0, 3], ["cfree", 0, 1]], "53": [["h-aligned", 3, 1], ["h-aligned", 1, 3], ["left-in", 2, 0], ["left-of", 2, 3]], "54": [["close-to", 2, 3], ["close-to", 3, 2]], "55": [["close-to", 1, 3], ["close-to", 3, 1]], "56": [["cfree", 2, 3]], "57": [["bottom-in", 1, 0]], "60": [["cfree", 0, 1]], "61": [["h-aligned", 3, 1], ["h-aligned", 1, 3]], "62": [["bottom-in", 1, 0]], "67": [["bottom-in", 2, 0], ["v-aligned", 3, 1], ["v-aligned", 1, 3], ["v-aligned", 3, 2], ["v-aligned", 2, 3]], "69": [["v-aligned", 3, 2], ["v-aligned", 2, 3]], "72": [["cfree", 0, 1], ["cfree", 1, 3]], "73": [["cfree", 0, 2]], "74": [["bottom-in", 1, 0], ["h-aligned", 2, 1], ["h-aligned", 1, 2], ["top-of", 3, 2]], "78": [["bottom-in", 1, 0], ["v-aligned", 2, 1], ["v-aligned", 1, 2]], "81": [["cfree", 0, 2], ["cfree", 0, 1]], "83": [["cfree", 0, 2], ["cfree", 0, 3]], "85": [["cfree", 0, 3]], "89": [["cfree", 0, 2]], "90": [["cfree", 0, 3]], "91": [["v-aligned", 2, 1], ["v-aligned", 1, 2]], "93": [["cfree", 0, 1]], "94": [["cfree", 0, 2]], "95": [["cfree", 2, 3]], "96": [["cfree", 0, 1], ["cfree", 0, 2]]}, "1": {"8": [["away-from", 1, 2], ["away-from", 2, 1]], "9": [["left-of", 2, 3], ["right-in", 2, 0]], "13": [["cfree", 0, 3]], "15": [["left-in", 1, 0], ["left-of", 1, 3]], "16": [["v-aligned", 2, 1], ["v-aligned", 1, 2]], "19": [["cfree", 2, 3]], "20": [["cfree", 0, 2]], "23": [["cfree", 0, 3]], "25": [["top-in", 2, 0], ["top-of", 3, 2]], "26": [["cfree", 0, 1], ["cfree", 0, 2]], "28": [["cfree", 0, 1], ["cfree", 2, 3]], "31": [["cfree", 1, 2]], "40": [["cfree", 0, 1]], "42": [["cfree", 0, 3]], "49": [["center-in", 1, 0]], "53": [["h-aligned", 3, 1], ["h-aligned", 1, 3]], "55": [["cfree", 0, 3], ["cfree", 1, 3]], "56": [["cfree", 1, 3]], "60": [["cfree", 0, 3]], "62": [["bottom-in", 1, 0]], "67": [["cfree", 0, 1]], "72": [["cfree", 0, 1]], "73": [["cfree", 0, 2]], "78": [["bottom-in", 1, 0]], "81": [["cfree", 0, 1]], "83": [["v-aligned", 2, 1], ["v-aligned", 1, 2]], "85": [["cfree", 0, 3]], "89": [["center-in", 1, 0]], "90": [["cfree", 0, 3]], "93": [["cfree", 0, 1]], "96": [["left-of", 1, 2], ["left-of", 2, 3]]}, "2": {"8": [["away-from", 1, 2], ["away-from", 2, 1]], "9": [["right-in", 2, 0]], "16": [["v-aligned", 2, 1], ["v-aligned", 1, 2]], "19": [["cfree", 0, 2]], "20": [["v-aligned", 2, 1], ["v-aligned", 1, 2]], "23": [["cfree", 0, 1], ["cfree", 0, 2], ["cfree", 0, 3]], "26": [["cfree", 0, 1]], "31": [["cfree", 0, 1], ["cfree", 1, 3]], "40": [["cfree", 0, 1], ["cfree", 0, 2]], "42": [["cfree", 0, 3]], "49": [["cfree", 0, 1], ["cfree", 0, 2]], "53": [["left-in", 2, 0], ["left-of", 1, 2]], "55": [["cfree", 0, 3]], "56": [["cfree", 1, 3]], "67": [["cfree", 0, 1]], "72": [["cfree", 0, 1]], "78": [["bottom-in", 1, 0]], "81": [["cfree", 0, 2]], "83": [["cfree", 0, 3]], "85": [["cfree", 0, 3]], "89": [["cfree", 1, 2]], "90": [["cfree", 0, 3], ["cfree", 0, 2]], "93": [["cfree", 0, 1]]}}, "eval_tries": 2, "visualize": false}}