{"3": {"success": [[0, 0], [1, 0], [5, 0], [6, 0], [7, 0], [8, 0], [10, 0], [11, 0], [14, 0], [15, 0], [17, 0], [20, 0], [21, 0], [24, 0], [30, 0], [32, 0], [33, 0], [34, 0], [38, 0], [42, 0], [45, 0], [46, 0], [51, 0], [52, 0], [54, 0], [57, 0], [58, 0], [59, 0], [60, 0], [63, 0], [64, 0], [65, 0], [66, 0], [68, 0], [71, 0], [73, 0], [74, 0], [75, 0], [76, 0], [77, 0], [79, 0], [84, 0], [88, 0], [91, 0], [92, 0], [93, 0], [94, 0], [95, 0], [98, 0], [99, 0], [2, 1], [4, 1], [18, 1], [27, 1], [28, 1], [29, 1], [39, 1], [47, 1], [48, 1], [61, 1], [67, 1], [69, 1], [82, 1], [83, 1], [86, 1], [22, 2], [23, 2], [25, 2], [35, 2], [43, 2], [62, 2], [81, 2], [85, 2], [96, 2]], "success_rate": 0.5, "success_rate_top3": 0.74, "success_rounds": {"0": 0, "1": 0, "5": 0, "6": 0, "7": 0, "8": 0, "10": 0, "11": 0, "14": 0, "15": 0, "17": 0, "20": 0, "21": 0, "24": 0, "30": 0, "32": 0, "33": 0, "34": 0, "38": 0, "42": 0, "45": 0, "46": 0, "51": 0, "52": 0, "54": 0, "57": 0, "58": 0, "59": 0, "60": 0, "63": 0, "64": 0, "65": 0, "66": 0, "68": 0, "71": 0, "73": 0, "74": 0, "75": 0, "76": 0, "77": 0, "79": 0, "84": 0, "88": 0, "91": 0, "92": 0, "93": 0, "94": 0, "95": 0, "98": 0, "99": 0, "2": 1, "4": 1, "18": 1, "27": 1, "28": 1, "29": 1, "39": 1, "47": 1, "48": 1, "61": 1, "67": 1, "69": 1, "82": 1, "83": 1, "86": 1, "22": 2, "23": 2, "25": 2, "35": 2, "43": 2, "62": 2, "81": 2, "85": 2, "96": 2}, "sampling_time": [[25.67193579673767, 100, 0.2567193579673767], [25.595070123672485, 100, 0.25595070123672486], [25.70089626312256, 100, 0.2570089626312256]], "all_failure_modes": {"0": {"2": [["h-aligned", 2, 1], ["h-aligned", 1, 2]], "3": [["away-from", 1, 3], ["away-from", 3, 1]], "4": [["cfree", 0, 1]], "9": [["close-to", 1, 2], ["close-to", 2, 1], ["right-in", 2, 0]], "12": [["cfree", 0, 1]], "13": [["cfree", 0, 3]], "16": [["v-aligned", 2, 1], ["v-aligned", 1, 2]], "18": [["cfree", 0, 3]], "19": [["cfree", 0, 3]], "22": [["cfree", 0, 2]], "23": [["cfree", 0, 3]], "25": [["cfree", 0, 3]], "26": [["cfree", 0, 1]], "27": [["cfree", 1, 2]], "28": [["cfree", 0, 1]], "29": [["cfree", 0, 1]], "31": [["cfree", 1, 2]], "35": [["cfree", 0, 1]], "36": [["left-of", 1, 2]], "37": [["v-aligned", 3, 1], ["v-aligned", 1, 3]], "39": [["left-in", 2, 0]], "40": [["cfree", 0, 1], ["cfree", 0, 2], ["cfree", 0, 3]], "41": [["cfree", 2, 3]], "43": [["close-to", 2, 3], ["close-to", 3, 2]], "44": [["cfree", 0, 3], ["cfree", 0, 2]], "47": [["cfree", 0, 1]], "48": [["left-in", 2, 0]], "49": [["cfree", 0, 1]], "50": [["cfree", 0, 1]], "53": [["left-in", 2, 0], ["left-of", 1, 2]], "55": [["close-to", 1, 3], ["close-to", 3, 1]], "56": [["close-to", 1, 3], ["close-to", 3, 1]], "61": [["cfree", 0, 3]], "62": [["cfree", 0, 3]], "67": [["bottom-in", 2, 0], ["v-aligned", 3, 1], ["v-aligned", 1, 3]], "69": [["v-aligned", 3, 2], ["v-aligned", 2, 3]], "70": [["cfree", 0, 3]], "72": [["cfree", 0, 1]], "78": [["cfree", 0, 2]], "80": [["cfree", 0, 3]], "81": [["cfree", 0, 1]], "82": [["away-from", 1, 3], ["away-from", 3, 1]], "83": [["cfree", 0, 3]], "85": [["cfree", 0, 3]], "86": [["cfree", 1, 2]], "87": [["cfree", 0, 3]], "89": [["h-aligned", 3, 2], ["h-aligned", 2, 3], ["left-of", 2, 3]], "90": [["top-in", 3, 0]], "96": [["left-of", 1, 2]], "97": [["v-aligned", 3, 2], ["v-aligned", 2, 3]]}, "1": {"3": [["away-from", 1, 2], ["away-from", 2, 1]], "9": [["close-to", 1, 2], ["close-to", 2, 1], ["left-of", 2, 3], ["right-in", 2, 0]], "12": [["cfree", 0, 1]], "13": [["h-aligned", 3, 1], ["h-aligned", 1, 3], ["h-aligned", 3, 2], ["h-aligned", 2, 3]], "16": [["cfree", 0, 3]], "19": [["cfree", 2, 3]], "22": [["cfree", 0, 2]], "23": [["cfree", 0, 2]], "25": [["top-of", 3, 2]], "26": [["cfree", 0, 2], ["cfree", 0, 1]], "31": [["left-of", 2, 3]], "35": [["cfree", 0, 2], ["cfree", 0, 1]], "36": [["away-from", 1, 3], ["away-from", 3, 1], ["bottom-in", 1, 0]], "37": [["v-aligned", 3, 1], ["v-aligned", 1, 3]], "40": [["cfree", 0, 1]], "41": [["cfree", 0, 3], ["cfree", 2, 3]], "43": [["right-in", 3, 0], ["v-aligned", 3, 2], ["v-aligned", 2, 3]], "44": [["cfree", 0, 3], ["cfree", 0, 2]], "49": [["cfree", 1, 2]], "50": [["cfree", 0, 1]], "53": [["left-in", 2, 0], ["left-of", 2, 3]], "55": [["cfree", 1, 3]], "56": [["cfree", 0, 3], ["cfree", 2, 3]], "62": [["bottom-in", 1, 0]], "70": [["cfree", 0, 3]], "72": [["cfree", 0, 1]], "78": [["bottom-in", 1, 0], ["left-of", 2, 3], ["v-aligned", 2, 1], ["v-aligned", 1, 2]], "80": [["away-from", 2, 3], ["away-from", 3, 2]], "81": [["cfree", 0, 1], ["cfree", 0, 3]], "85": [["cfree", 0, 3]], "87": [["v-aligned", 2, 1], ["v-aligned", 1, 2]], "89": [["left-of", 2, 3]], "90": [["cfree", 1, 2]], "96": [["left-of", 1, 2]], "97": [["v-aligned", 3, 2], ["v-aligned", 2, 3]]}, "2": {"3": [["cfree", 0, 2]], "9": [["close-to", 1, 2], ["close-to", 2, 1]], "12": [["cfree", 0, 3]], "13": [["h-aligned", 3, 1], ["h-aligned", 1, 3]], "16": [["v-aligned", 2, 1], ["v-aligned", 1, 2]], "19": [["cfree", 0, 2], ["cfree", 2, 3]], "26": [["cfree", 0, 1]], "31": [["close-to", 1, 3], ["close-to", 3, 1], ["left-of", 2, 3]], "36": [["away-from", 1, 3], ["away-from", 3, 1], ["bottom-in", 1, 0]], "37": [["v-aligned", 3, 1], ["v-aligned", 1, 3]], "40": [["cfree", 0, 1], ["cfree", 0, 3]], "41": [["cfree", 2, 3]], "44": [["away-from", 1, 3], ["away-from", 3, 1]], "49": [["cfree", 0, 1], ["cfree", 1, 3]], "50": [["cfree", 0, 1]], "53": [["cfree", 0, 1]], "55": [["cfree", 0, 3]], "56": [["cfree", 0, 2], ["cfree", 2, 3]], "70": [["top-of", 2, 1]], "72": [["cfree", 0, 1]], "78": [["bottom-in", 1, 0], ["v-aligned", 2, 1], ["v-aligned", 1, 2]], "80": [["away-from", 2, 3], ["away-from", 3, 2]], "87": [["cfree", 0, 3]], "89": [["left-of", 2, 3]], "90": [["cfree", 0, 2]], "97": [["v-aligned", 3, 2], ["v-aligned", 2, 3]]}}, "eval_tries": 2, "visualize": false}}