{"3": {"success": [[4, 0], [5, 0], [8, 0], [10, 0], [11, 0], [12, 0], [14, 0], [15, 0], [16, 0], [18, 0], [21, 0], [23, 0], [24, 0], [33, 0], [34, 0], [35, 0], [37, 0], [39, 0], [41, 0], [43, 0], [44, 0], [46, 0], [47, 0], [51, 0], [56, 0], [57, 0], [59, 0], [61, 0], [62, 0], [63, 0], [64, 0], [70, 0], [72, 0], [73, 0], [75, 0], [76, 0], [77, 0], [79, 0], [87, 0], [88, 0], [91, 0], [94, 0], [96, 0], [98, 0], [99, 0], [1, 1], [3, 1], [7, 1], [17, 1], [22, 1], [26, 1], [29, 1], [50, 1], [52, 1], [54, 1], [58, 1], [60, 1], [68, 1], [69, 1], [71, 1], [74, 1], [81, 1], [82, 1], [85, 1], [86, 1], [92, 1], [95, 1], [6, 2], [13, 2], [19, 2], [20, 2], [25, 2], [38, 2], [48, 2], [53, 2], [65, 2], [66, 2], [80, 2], [84, 2], [90, 2]], "success_rate": 0.45, "success_rate_top3": 0.8, "success_rounds": {"4": 0, "5": 0, "8": 0, "10": 0, "11": 0, "12": 0, "14": 0, "15": 0, "16": 0, "18": 0, "21": 0, "23": 0, "24": 0, "33": 0, "34": 0, "35": 0, "37": 0, "39": 0, "41": 0, "43": 0, "44": 0, "46": 0, "47": 0, "51": 0, "56": 0, "57": 0, "59": 0, "61": 0, "62": 0, "63": 0, "64": 0, "70": 0, "72": 0, "73": 0, "75": 0, "76": 0, "77": 0, "79": 0, "87": 0, "88": 0, "91": 0, "94": 0, "96": 0, "98": 0, "99": 0, "1": 1, "3": 1, "7": 1, "17": 1, "22": 1, "26": 1, "29": 1, "50": 1, "52": 1, "54": 1, "58": 1, "60": 1, "68": 1, "69": 1, "71": 1, "74": 1, "81": 1, "82": 1, "85": 1, "86": 1, "92": 1, "95": 1, "6": 2, "13": 2, "19": 2, "20": 2, "25": 2, "38": 2, "48": 2, "53": 2, "65": 2, "66": 2, "80": 2, "84": 2, "90": 2}, "sampling_time": [[14.344311714172363, 100, 0.14344311714172364], [14.28671932220459, 100, 0.14286719322204589], [14.369413375854492, 100, 0.14369413375854492]], "all_failure_modes": {"0": {"0": [["h-aligned", 3, 2], ["h-aligned", 2, 3]], "1": [["cfree", 0, 3]], "2": [["close-to", 2, 3], ["close-to", 3, 2]], "3": [["cfree", 0, 3]], "6": [["cfree", 0, 3]], "7": [["top-of", 3, 1]], "9": [["close-to", 1, 2], ["close-to", 2, 1], ["left-of", 2, 3], ["right-in", 2, 0]], "13": [["h-aligned", 3, 1], ["h-aligned", 1, 3]], "17": [["close-to", 1, 2], ["close-to", 2, 1], ["h-aligned", 2, 1], ["h-aligned", 1, 2]], "19": [["cfree", 0, 3]], "20": [["v-aligned", 2, 1], ["v-aligned", 1, 2]], "22": [["cfree", 0, 2]], "25": [["top-in", 2, 0], ["v-aligned", 3, 1], ["v-aligned", 1, 3]], "26": [["cfree", 0, 1], ["cfree", 0, 2]], "27": [["cfree", 1, 2]], "28": [["cfree", 0, 2], ["cfree", 0, 1]], "29": [["cfree", 0, 1]], "30": [["cfree", 0, 3]], "31": [["cfree", 0, 2], ["cfree", 1, 2]], "32": [["away-from", 1, 3], ["away-from", 3, 1], ["left-of", 1, 2]], "36": [["top-of", 3, 2]], "38": [["v-aligned", 3, 2], ["v-aligned", 2, 3]], "40": [["cfree", 0, 1], ["cfree", 0, 2]], "42": [["cfree", 0, 3]], "45": [["v-aligned", 2, 1], ["v-aligned", 1, 2]], "48": [["cfree", 1, 3]], "49": [["cfree", 0, 3], ["cfree", 0, 1], ["cfree", 1, 2]], "50": [["h-aligned", 3, 2], ["h-aligned", 2, 3]], "52": [["cfree", 0, 1]], "53": [["cfree", 0, 1]], "54": [["v-aligned", 3, 1], ["v-aligned", 1, 3]], "55": [["h-aligned", 2, 1], ["h-aligned", 1, 2]], "58": [["cfree", 0, 3]], "60": [["v-aligned", 3, 2], ["v-aligned", 2, 3]], "65": [["h-aligned", 2, 1], ["h-aligned", 1, 2]], "66": [["cfree", 0, 2]], "67": [["bottom-in", 2, 0], ["v-aligned", 3, 2], ["v-aligned", 2, 3]], "68": [["center-in", 1, 0]], "69": [["v-aligned", 3, 2], ["v-aligned", 2, 3]], "71": [["v-aligned", 3, 1], ["v-aligned", 1, 3]], "74": [["h-aligned", 2, 1], ["h-aligned", 1, 2]], "78": [["bottom-in", 1, 0], ["left-of", 2, 3], ["v-aligned", 2, 1], ["v-aligned", 1, 2]], "80": [["cfree", 0, 3]], "81": [["cfree", 0, 2]], "82": [["away-from", 1, 3], ["away-from", 3, 1]], "83": [["cfree", 0, 2]], "84": [["v-aligned", 2, 1], ["v-aligned", 1, 2]], "85": [["cfree", 0, 3]], "86": [["cfree", 1, 2]], "89": [["h-aligned", 3, 2], ["h-aligned", 2, 3]], "90": [["cfree", 0, 3]], "92": [["h-aligned", 2, 1], ["h-aligned", 1, 2]], "93": [["cfree", 0, 1]], "95": [["cfree", 2, 3]], "97": [["cfree", 0, 3]]}, "1": {"0": [["cfree", 0, 3]], "2": [["close-to", 2, 3], ["close-to", 3, 2]], "6": [["v-aligned", 2, 1], ["v-aligned", 1, 2]], "9": [["close-to", 1, 2], ["close-to", 2, 1]], "13": [["cfree", 0, 3]], "19": [["cfree", 0, 3]], "20": [["cfree", 0, 2]], "25": [["cfree", 0, 3]], "27": [["bottom-in", 2, 0]], "28": [["close-to", 2, 3], ["close-to", 3, 2]], "30": [["cfree", 2, 3]], "31": [["cfree", 1, 3]], "32": [["cfree", 0, 3]], "36": [["away-from", 1, 3], ["away-from", 3, 1]], "38": [["close-to", 1, 3], ["close-to", 3, 1]], "40": [["cfree", 0, 1]], "42": [["cfree", 0, 3]], "45": [["v-aligned", 2, 1], ["v-aligned", 1, 2]], "48": [["cfree", 1, 2]], "49": [["cfree", 0, 2]], "53": [["left-in", 2, 0]], "55": [["h-aligned", 2, 1], ["h-aligned", 1, 2]], "65": [["cfree", 0, 1]], "66": [["cfree", 0, 1], ["cfree", 0, 2]], "67": [["bottom-in", 2, 0]], "78": [["bottom-in", 1, 0]], "80": [["away-from", 2, 3], ["away-from", 3, 2]], "83": [["cfree", 0, 3]], "84": [["v-aligned", 2, 1], ["v-aligned", 1, 2]], "89": [["cfree", 0, 2]], "90": [["cfree", 0, 2]], "93": [["cfree", 0, 1]], "97": [["left-of", 1, 2], ["left-of", 1, 3]]}, "2": {"0": [["h-aligned", 3, 2], ["h-aligned", 2, 3]], "2": [["close-to", 2, 3], ["close-to", 3, 2]], "9": [["close-to", 1, 2], ["close-to", 2, 1], ["left-of", 2, 3], ["right-in", 2, 0]], "27": [["bottom-in", 2, 0]], "28": [["cfree", 0, 1]], "30": [["cfree", 0, 3]], "31": [["left-of", 2, 3]], "32": [["away-from", 1, 3], ["away-from", 3, 1]], "36": [["away-from", 1, 3], ["away-from", 3, 1]], "40": [["cfree", 0, 1], ["cfree", 0, 2]], "42": [["cfree", 0, 3]], "45": [["cfree", 0, 3]], "49": [["cfree", 0, 1], ["cfree", 0, 2]], "55": [["cfree", 1, 3]], "67": [["v-aligned", 3, 1], ["v-aligned", 1, 3]], "78": [["bottom-in", 1, 0], ["left-of", 2, 3], ["v-aligned", 2, 1], ["v-aligned", 1, 2]], "83": [["cfree", 0, 3]], "89": [["cfree", 1, 2]], "93": [["cfree", 0, 1]], "97": [["left-of", 1, 3], ["v-aligned", 3, 2], ["v-aligned", 2, 3]]}}, "eval_tries": 2, "visualize": false}}