{"2": {"success": [[0, 0], [1, 0], [3, 0], [8, 0], [9, 0], [2, 1], [7, 1], [4, 2], [5, 2]], "success_rate": 0.5, "success_rate_top3": 0.9, "model_ave_sample_time": 3.0051802237828573, "success_rounds": {"0": 0, "1": 0, "3": 0, "8": 0, "9": 0, "2": 1, "7": 1, "4": 2, "5": 2}, "sampling_time": [[30.57430934906006, 10, 3.057430934906006], [29.78071904182434, 10, 2.978071904182434], [29.80206298828125, 10, 2.980206298828125]], "all_failure_modes": {"0": {"2": [["left-of", 1, 2]], "4": [["cfree", 0, 2]], "5": [["cfree", 0, 1]], "6": [["center-in", 1, 0]], "7": [["h-aligned", 2, 1], ["h-aligned", 1, 2]]}, "1": {"4": [["h-aligned", 2, 1], ["h-aligned", 1, 2]], "5": [["cfree", 0, 2], ["cfree", 0, 1]], "6": [["center-in", 1, 0]]}, "2": {"6": [["cfree", 0, 1]]}}, "eval_tries": 2, "visualize": false}, "3": {"success": [[4, 0], [7, 0], [8, 0], [3, 1], [9, 1], [0, 2], [2, 2]], "success_rate": 0.3, "success_rate_top3": 0.7, "model_ave_sample_time": 3.1574746767679853, "success_rounds": {"4": 0, "7": 0, "8": 0, "3": 1, "9": 1, "0": 2, "2": 2}, "sampling_time": [[31.476406812667847, 10, 3.1476406812667848], [31.73722529411316, 10, 3.173722529411316], [31.512516021728516, 10, 3.1512516021728514]], "all_failure_modes": {"0": {"0": [["cfree", 0, 2]], "1": [["cfree", 0, 2]], "2": [["cfree", 0, 2]], "3": [["v-aligned", 3, 2], ["v-aligned", 2, 3]], "5": [["cfree", 0, 2]], "6": [["cfree", 0, 3]], "9": [["away-from", 1, 2], ["away-from", 2, 1]]}, "1": {"0": [["cfree", 0, 2]], "1": [["cfree", 2, 3]], "2": [["center-in", 1, 0]], "5": [["close-to", 2, 3], ["close-to", 3, 2]], "6": [["cfree", 0, 3], ["cfree", 1, 2]]}, "2": {"1": [["cfree", 0, 2], ["cfree", 2, 3]], "5": [["v-aligned", 2, 1], ["v-aligned", 1, 2]], "6": [["left-of", 1, 2]]}}, "eval_tries": 2, "visualize": false}}