{"3": {"success": [[0, 0], [1, 0], [5, 0], [7, 0], [10, 0], [11, 0], [16, 0], [18, 0], [20, 0], [23, 0], [24, 0], [32, 0], [33, 0], [45, 0], [46, 0], [47, 0], [50, 0], [51, 0], [59, 0], [60, 0], [61, 0], [64, 0], [65, 0], [66, 0], [68, 0], [69, 0], [71, 0], [72, 0], [73, 0], [76, 0], [77, 0], [78, 0], [79, 0], [80, 0], [82, 0], [85, 0], [87, 0], [88, 0], [89, 0], [91, 0], [92, 0], [93, 0], [94, 0], [97, 0], [98, 0], [99, 0], [4, 1], [6, 1], [12, 1], [13, 1], [17, 1], [21, 1], [30, 1], [31, 1], [34, 1], [42, 1], [54, 1], [55, 1], [57, 1], [63, 1], [74, 1], [75, 1], [83, 1], [84, 1], [8, 2], [14, 2], [19, 2], [22, 2], [29, 2], [37, 2], [38, 2], [39, 2], [41, 2], [44, 2], [48, 2], [52, 2], [58, 2], [95, 2]], "success_rate": 0.46, "success_rate_top3": 0.78, "success_rounds": {"0": 0, "1": 0, "5": 0, "7": 0, "10": 0, "11": 0, "16": 0, "18": 0, "20": 0, "23": 0, "24": 0, "32": 0, "33": 0, "45": 0, "46": 0, "47": 0, "50": 0, "51": 0, "59": 0, "60": 0, "61": 0, "64": 0, "65": 0, "66": 0, "68": 0, "69": 0, "71": 0, "72": 0, "73": 0, "76": 0, "77": 0, "78": 0, "79": 0, "80": 0, "82": 0, "85": 0, "87": 0, "88": 0, "89": 0, "91": 0, "92": 0, "93": 0, "94": 0, "97": 0, "98": 0, "99": 0, "4": 1, "6": 1, "12": 1, "13": 1, "17": 1, "21": 1, "30": 1, "31": 1, "34": 1, "42": 1, "54": 1, "55": 1, "57": 1, "63": 1, "74": 1, "75": 1, "83": 1, "84": 1, "8": 2, "14": 2, "19": 2, "22": 2, "29": 2, "37": 2, "38": 2, "39": 2, "41": 2, "44": 2, "48": 2, "52": 2, "58": 2, "95": 2}, "sampling_time": [[6.378330945968628, 100, 0.06378330945968629], [6.35556435585022, 100, 0.0635556435585022], [6.400042533874512, 100, 0.06400042533874511]], "all_failure_modes": {"0": {"2": [["h-aligned", 2, 1], ["h-aligned", 1, 2]], "3": [["away-from", 1, 2], ["away-from", 2, 1]], "4": [["cfree", 0, 3]], "6": [["cfree", 0, 3]], "8": [["away-from", 1, 2], ["away-from", 2, 1]], "9": [["right-in", 2, 0]], "12": [["left-of", 2, 3]], "13": [["h-aligned", 3, 2], ["h-aligned", 2, 3]], "14": [["cfree", 0, 1]], "15": [["left-of", 1, 2], ["left-of", 1, 3]], "17": [["close-to", 1, 2], ["close-to", 2, 1]], "19": [["cfree", 0, 3], ["cfree", 0, 1]], "21": [["away-from", 2, 3], ["away-from", 3, 2]], "22": [["cfree", 0, 2]], "25": [["v-aligned", 3, 1], ["v-aligned", 1, 3]], "26": [["cfree", 0, 1]], "27": [["cfree", 1, 2]], "28": [["cfree", 0, 2], ["cfree", 0, 1], ["cfree", 1, 2]], "29": [["cfree", 0, 1]], "30": [["cfree", 0, 2], ["cfree", 2, 3]], "31": [["cfree", 1, 2]], "34": [["left-of", 1, 2], ["left-of", 1, 3], ["v-aligned", 3, 2], ["v-aligned", 2, 3]], "35": [["cfree", 0, 1]], "36": [["away-from", 1, 3], ["away-from", 3, 1]], "37": [["cfree", 0, 1]], "38": [["cfree", 1, 3]], "39": [["left-in", 2, 0]], "40": [["cfree", 0, 1]], "41": [["away-from", 1, 2], ["away-from", 2, 1], ["right-in", 3, 0]], "42": [["cfree", 0, 3], ["cfree", 0, 2]], "43": [["left-of", 1, 3], ["v-aligned", 3, 2], ["v-aligned", 2, 3]], "44": [["cfree", 0, 2]], "48": [["cfree", 1, 2]], "49": [["cfree", 1, 2]], "52": [["cfree", 0, 3]], "53": [["cfree", 0, 1]], "54": [["close-to", 2, 3], ["close-to", 3, 2], ["v-aligned", 3, 1], ["v-aligned", 1, 3]], "55": [["h-aligned", 2, 1], ["h-aligned", 1, 2]], "56": [["cfree", 0, 2], ["cfree", 2, 3]], "57": [["cfree", 0, 3]], "58": [["cfree", 0, 3]], "62": [["bottom-in", 1, 0]], "63": [["cfree", 1, 3]], "67": [["bottom-in", 2, 0]], "70": [["cfree", 0, 1]], "74": [["cfree", 0, 1]], "75": [["cfree", 0, 2]], "81": [["cfree", 0, 1], ["cfree", 0, 3]], "83": [["cfree", 0, 2], ["cfree", 0, 3]], "84": [["cfree", 0, 1]], "86": [["cfree", 1, 2]], "90": [["cfree", 0, 3]], "95": [["h-aligned", 2, 1], ["h-aligned", 1, 2]], "96": [["h-aligned", 3, 2], ["h-aligned", 2, 3]]}, "1": {"2": [["close-to", 2, 3], ["close-to", 3, 2], ["h-aligned", 3, 1], ["h-aligned", 1, 3]], "3": [["away-from", 1, 2], ["away-from", 2, 1], ["h-aligned", 2, 1], ["h-aligned", 1, 2]], "8": [["cfree", 0, 2]], "9": [["close-to", 1, 2], ["close-to", 2, 1], ["h-aligned", 2, 1], ["h-aligned", 1, 2], ["left-of", 2, 3], ["right-in", 2, 0]], "14": [["left-of", 1, 2]], "15": [["left-in", 1, 0]], "19": [["cfree", 2, 3]], "22": [["center-in", 1, 0]], "25": [["top-in", 2, 0]], "26": [["cfree", 0, 1]], "27": [["cfree", 1, 2]], "28": [["cfree", 0, 2], ["cfree", 0, 1], ["cfree", 1, 2], ["cfree", 2, 3]], "29": [["cfree", 0, 1]], "35": [["cfree", 0, 2], ["cfree", 0, 1]], "36": [["away-from", 1, 3], ["away-from", 3, 1]], "37": [["v-aligned", 3, 1], ["v-aligned", 1, 3]], "38": [["cfree", 1, 3]], "39": [["h-aligned", 3, 1], ["h-aligned", 1, 3]], "40": [["cfree", 0, 1], ["cfree", 0, 2]], "41": [["cfree", 2, 3]], "43": [["cfree", 2, 3]], "44": [["away-from", 1, 3], ["away-from", 3, 1], ["right-in", 3, 0]], "48": [["cfree", 0, 3]], "49": [["cfree", 0, 3], ["cfree", 0, 1]], "52": [["left-of", 2, 3], ["top-of", 2, 1]], "53": [["left-in", 2, 0], ["left-of", 2, 3]], "56": [["cfree", 1, 3]], "58": [["cfree", 0, 2]], "62": [["cfree", 0, 3], ["cfree", 0, 2]], "67": [["bottom-in", 2, 0], ["v-aligned", 3, 2], ["v-aligned", 2, 3]], "70": [["top-of", 2, 1]], "81": [["cfree", 0, 2]], "86": [["h-aligned", 2, 1], ["h-aligned", 1, 2]], "90": [["cfree", 0, 3], ["cfree", 0, 2]], "95": [["cfree", 2, 3]], "96": [["h-aligned", 2, 1], ["h-aligned", 1, 2], ["left-in", 1, 0]]}, "2": {"2": [["close-to", 2, 3], ["close-to", 3, 2]], "3": [["cfree", 0, 3]], "9": [["close-to", 1, 2], ["close-to", 2, 1], ["left-of", 2, 3], ["right-in", 2, 0]], "15": [["left-in", 1, 0], ["left-of", 1, 3]], "25": [["cfree", 0, 3]], "26": [["cfree", 0, 1]], "27": [["bottom-in", 2, 0]], "28": [["cfree", 0, 2]], "35": [["center-in", 1, 0]], "36": [["cfree", 0, 3]], "40": [["cfree", 0, 1]], "43": [["close-to", 2, 3], ["close-to", 3, 2], ["v-aligned", 3, 2], ["v-aligned", 2, 3]], "49": [["cfree", 0, 1]], "53": [["left-in", 2, 0], ["left-of", 2, 3]], "56": [["cfree", 1, 3]], "62": [["bottom-in", 1, 0]], "67": [["cfree", 0, 1]], "70": [["cfree", 0, 3]], "81": [["cfree", 0, 1], ["cfree", 0, 3]], "86": [["cfree", 1, 2]], "90": [["cfree", 0, 3]], "96": [["cfree", 0, 3]]}}, "eval_tries": 2, "visualize": false}}