{"3": {"success": [[0, 0], [1, 0], [4, 0], [5, 0], [7, 0], [8, 0], [10, 0], [11, 0], [12, 0], [13, 0], [14, 0], [16, 0], [18, 0], [20, 0], [22, 0], [24, 0], [25, 0], [29, 0], [33, 0], [35, 0], [38, 0], [39, 0], [44, 0], [45, 0], [46, 0], [47, 0], [50, 0], [54, 0], [56, 0], [59, 0], [60, 0], [62, 0], [63, 0], [64, 0], [65, 0], [68, 0], [69, 0], [71, 0], [73, 0], [74, 0], [75, 0], [76, 0], [77, 0], [79, 0], [85, 0], [92, 0], [95, 0], [96, 0], [98, 0], [99, 0], [6, 1], [17, 1], [19, 1], [27, 1], [30, 1], [37, 1], [61, 1], [72, 1], [80, 1], [84, 1], [86, 1], [87, 1], [88, 1], [91, 1], [94, 1], [97, 1], [21, 2], [23, 2], [32, 2], [34, 2], [48, 2], [52, 2], [58, 2], [70, 2], [78, 2]], "success_rate": 0.5, "success_rate_top3": 0.75, "success_rounds": {"0": 0, "1": 0, "4": 0, "5": 0, "7": 0, "8": 0, "10": 0, "11": 0, "12": 0, "13": 0, "14": 0, "16": 0, "18": 0, "20": 0, "22": 0, "24": 0, "25": 0, "29": 0, "33": 0, "35": 0, "38": 0, "39": 0, "44": 0, "45": 0, "46": 0, "47": 0, "50": 0, "54": 0, "56": 0, "59": 0, "60": 0, "62": 0, "63": 0, "64": 0, "65": 0, "68": 0, "69": 0, "71": 0, "73": 0, "74": 0, "75": 0, "76": 0, "77": 0, "79": 0, "85": 0, "92": 0, "95": 0, "96": 0, "98": 0, "99": 0, "6": 1, "17": 1, "19": 1, "27": 1, "30": 1, "37": 1, "61": 1, "72": 1, "80": 1, "84": 1, "86": 1, "87": 1, "88": 1, "91": 1, "94": 1, "97": 1, "21": 2, "23": 2, "32": 2, "34": 2, "48": 2, "52": 2, "58": 2, "70": 2, "78": 2}, "sampling_time": [[32.05047154426575, 100, 0.32050471544265746], [32.15954232215881, 100, 0.32159542322158813], [32.25182223320007, 100, 0.3225182223320007]], "all_failure_modes": {"0": {"2": [["h-aligned", 2, 1], ["h-aligned", 1, 2]], "3": [["cfree", 0, 3]], "6": [["cfree", 0, 2]], "9": [["close-to", 1, 2], ["close-to", 2, 1], ["h-aligned", 2, 1], ["h-aligned", 1, 2], ["left-in", 1, 0]], "15": [["left-in", 1, 0], ["left-of", 1, 3]], "17": [["cfree", 0, 1]], "19": [["cfree", 2, 3]], "21": [["cfree", 0, 2]], "23": [["h-aligned", 3, 2], ["h-aligned", 2, 3]], "26": [["cfree", 0, 2]], "27": [["bottom-in", 2, 0], ["close-to", 1, 2], ["close-to", 2, 1]], "28": [["close-to", 2, 3], ["close-to", 3, 2]], "30": [["cfree", 0, 3]], "31": [["cfree", 1, 2], ["cfree", 1, 3]], "32": [["away-from", 1, 3], ["away-from", 3, 1], ["left-of", 1, 2]], "34": [["right-in", 3, 0], ["v-aligned", 3, 2], ["v-aligned", 2, 3]], "36": [["away-from", 1, 3], ["away-from", 3, 1]], "37": [["cfree", 0, 2]], "40": [["cfree", 0, 1], ["cfree", 0, 3]], "41": [["cfree", 2, 3]], "42": [["away-from", 1, 2], ["away-from", 2, 1]], "43": [["cfree", 0, 3]], "48": [["cfree", 1, 3]], "49": [["center-in", 1, 0], ["close-to", 2, 3], ["close-to", 3, 2]], "51": [["cfree", 0, 2]], "52": [["center-in", 1, 0]], "53": [["cfree", 0, 2], ["cfree", 0, 3], ["cfree", 0, 1], ["cfree", 2, 3]], "55": [["h-aligned", 2, 1], ["h-aligned", 1, 2]], "57": [["cfree", 0, 2]], "58": [["cfree", 0, 1], ["cfree", 0, 3]], "61": [["cfree", 0, 3]], "66": [["cfree", 0, 1], ["cfree", 0, 2]], "67": [["bottom-in", 2, 0], ["v-aligned", 3, 2], ["v-aligned", 2, 3]], "70": [["top-of", 2, 1]], "72": [["cfree", 0, 1]], "78": [["bottom-in", 1, 0], ["left-of", 2, 3], ["v-aligned", 2, 1], ["v-aligned", 1, 2]], "80": [["away-from", 2, 3], ["away-from", 3, 2], ["top-in", 3, 0]], "81": [["cfree", 0, 2], ["cfree", 0, 3], ["cfree", 0, 1], ["cfree", 2, 3]], "82": [["v-aligned", 2, 1], ["v-aligned", 1, 2]], "83": [["v-aligned", 2, 1], ["v-aligned", 1, 2]], "84": [["v-aligned", 2, 1], ["v-aligned", 1, 2]], "86": [["cfree", 1, 2]], "87": [["cfree", 0, 1], ["cfree", 0, 3]], "88": [["v-aligned", 3, 1], ["v-aligned", 1, 3]], "89": [["h-aligned", 3, 2], ["h-aligned", 2, 3], ["left-of", 2, 3]], "90": [["cfree", 0, 3]], "91": [["v-aligned", 2, 1], ["v-aligned", 1, 2]], "93": [["h-aligned", 3, 2], ["h-aligned", 2, 3], ["left-of", 2, 3]], "94": [["cfree", 0, 2]], "97": [["left-of", 1, 3]]}, "1": {"2": [["cfree", 0, 1]], "3": [["away-from", 1, 2], ["away-from", 2, 1]], "9": [["close-to", 1, 2], ["close-to", 2, 1], ["right-in", 2, 0]], "15": [["left-in", 1, 0]], "21": [["cfree", 0, 2]], "23": [["cfree", 0, 2], ["cfree", 0, 3]], "26": [["cfree", 0, 1]], "28": [["cfree", 0, 2], ["cfree", 0, 1], ["cfree", 1, 2]], "31": [["cfree", 1, 2], ["cfree", 1, 3]], "32": [["cfree", 0, 1]], "34": [["cfree", 0, 1]], "36": [["cfree", 0, 3]], "40": [["cfree", 0, 1]], "41": [["cfree", 0, 2]], "42": [["cfree", 0, 3]], "43": [["cfree", 0, 3]], "48": [["cfree", 0, 2], ["cfree", 0, 3]], "49": [["center-in", 1, 0]], "51": [["cfree", 0, 3], ["cfree", 0, 1], ["cfree", 0, 2], ["cfree", 1, 2]], "52": [["center-in", 1, 0], ["top-of", 2, 1]], "53": [["left-in", 2, 0]], "55": [["h-aligned", 2, 1], ["h-aligned", 1, 2]], "57": [["cfree", 0, 2]], "58": [["cfree", 0, 1]], "66": [["cfree", 0, 1], ["cfree", 0, 2]], "67": [["bottom-in", 2, 0]], "70": [["cfree", 0, 3]], "78": [["cfree", 0, 1]], "81": [["cfree", 0, 2], ["cfree", 0, 3]], "82": [["away-from", 1, 3], ["away-from", 3, 1], ["v-aligned", 2, 1], ["v-aligned", 1, 2]], "83": [["cfree", 0, 2]], "89": [["cfree", 1, 2]], "90": [["cfree", 0, 2]], "93": [["cfree", 0, 2]]}, "2": {"2": [["cfree", 0, 1], ["cfree", 0, 3]], "3": [["cfree", 0, 3], ["cfree", 0, 2]], "9": [["close-to", 1, 2], ["close-to", 2, 1], ["left-of", 2, 3], ["right-in", 2, 0]], "15": [["left-of", 1, 3]], "26": [["cfree", 0, 2], ["cfree", 0, 1], ["cfree", 0, 3], ["cfree", 1, 3]], "28": [["cfree", 0, 1], ["cfree", 0, 2]], "31": [["cfree", 1, 2], ["cfree", 1, 3]], "36": [["away-from", 1, 3], ["away-from", 3, 1], ["bottom-in", 1, 0]], "40": [["cfree", 0, 1]], "41": [["cfree", 0, 2], ["cfree", 2, 3]], "42": [["cfree", 0, 3]], "43": [["cfree", 0, 3]], "49": [["cfree", 0, 1], ["cfree", 0, 2]], "51": [["cfree", 0, 3]], "53": [["cfree", 0, 1]], "55": [["h-aligned", 2, 1], ["h-aligned", 1, 2]], "57": [["cfree", 0, 3]], "66": [["left-of", 1, 2]], "67": [["cfree", 0, 1]], "81": [["cfree", 0, 3]], "82": [["away-from", 1, 3], ["away-from", 3, 1]], "83": [["cfree", 0, 3]], "89": [["left-of", 2, 3]], "90": [["cfree", 0, 3]], "93": [["cfree", 0, 1], ["cfree", 0, 2]]}}, "eval_tries": 2, "visualize": false}}