{"3": {"success": [[3, 0], [5, 0], [6, 0], [7, 0], [8, 0], [11, 0], [13, 0], [14, 0], [16, 0], [18, 0], [21, 0], [22, 0], [25, 0], [29, 0], [30, 0], [33, 0], [36, 0], [37, 0], [39, 0], [41, 0], [43, 0], [44, 0], [45, 0], [46, 0], [47, 0], [50, 0], [52, 0], [54, 0], [57, 0], [59, 0], [61, 0], [64, 0], [65, 0], [71, 0], [73, 0], [74, 0], [75, 0], [76, 0], [77, 0], [79, 0], [80, 0], [86, 0], [87, 0], [91, 0], [92, 0], [94, 0], [96, 0], [98, 0], [0, 1], [4, 1], [10, 1], [12, 1], [23, 1], [24, 1], [38, 1], [48, 1], [51, 1], [63, 1], [83, 1], [85, 1], [88, 1], [95, 1], [99, 1], [1, 2], [19, 2], [20, 2], [28, 2], [34, 2], [58, 2], [66, 2], [69, 2], [81, 2], [84, 2], [90, 2], [97, 2]], "success_rate": 0.48, "success_rate_top3": 0.75, "success_rounds": {"3": 0, "5": 0, "6": 0, "7": 0, "8": 0, "11": 0, "13": 0, "14": 0, "16": 0, "18": 0, "21": 0, "22": 0, "25": 0, "29": 0, "30": 0, "33": 0, "36": 0, "37": 0, "39": 0, "41": 0, "43": 0, "44": 0, "45": 0, "46": 0, "47": 0, "50": 0, "52": 0, "54": 0, "57": 0, "59": 0, "61": 0, "64": 0, "65": 0, "71": 0, "73": 0, "74": 0, "75": 0, "76": 0, "77": 0, "79": 0, "80": 0, "86": 0, "87": 0, "91": 0, "92": 0, "94": 0, "96": 0, "98": 0, "0": 1, "4": 1, "10": 1, "12": 1, "23": 1, "24": 1, "38": 1, "48": 1, "51": 1, "63": 1, "83": 1, "85": 1, "88": 1, "95": 1, "99": 1, "1": 2, "19": 2, "20": 2, "28": 2, "34": 2, "58": 2, "66": 2, "69": 2, "81": 2, "84": 2, "90": 2, "97": 2}, "sampling_time": [[27.321434020996094, 100, 0.27321434020996094], [27.151904106140137, 100, 0.27151904106140134], [27.445729732513428, 100, 0.2744572973251343]], "all_failure_modes": {"0": {"0": [["h-aligned", 3, 2], ["h-aligned", 2, 3]], "1": [["v-aligned", 3, 1], ["v-aligned", 1, 3]], "2": [["cfree", 0, 3]], "4": [["cfree", 0, 3]], "9": [["close-to", 1, 2], ["close-to", 2, 1]], "10": [["cfree", 0, 2], ["cfree", 2, 3]], "12": [["cfree", 0, 1]], "15": [["left-in", 1, 0]], "17": [["close-to", 1, 2], ["close-to", 2, 1]], "19": [["cfree", 0, 1], ["cfree", 2, 3]], "20": [["v-aligned", 2, 1], ["v-aligned", 1, 2]], "23": [["cfree", 0, 2]], "24": [["cfree", 0, 1]], "26": [["cfree", 0, 1]], "27": [["cfree", 1, 2]], "28": [["cfree", 0, 1]], "31": [["cfree", 1, 2], ["cfree", 1, 3]], "32": [["cfree", 0, 1]], "34": [["right-in", 3, 0]], "35": [["cfree", 0, 1]], "38": [["cfree", 0, 1]], "40": [["cfree", 0, 1], ["cfree", 0, 2]], "42": [["away-from", 1, 2], ["away-from", 2, 1]], "48": [["left-of", 2, 3]], "49": [["cfree", 0, 1]], "51": [["cfree", 0, 3]], "53": [["cfree", 0, 1]], "55": [["h-aligned", 2, 1], ["h-aligned", 1, 2]], "56": [["cfree", 2, 3]], "58": [["cfree", 0, 1]], "60": [["cfree", 0, 3]], "62": [["cfree", 0, 3]], "63": [["cfree", 0, 1]], "66": [["cfree", 0, 2]], "67": [["bottom-in", 2, 0]], "68": [["center-in", 1, 0]], "69": [["v-aligned", 3, 2], ["v-aligned", 2, 3]], "70": [["top-of", 2, 1]], "72": [["cfree", 0, 1]], "78": [["cfree", 0, 2]], "81": [["cfree", 0, 2], ["cfree", 0, 1]], "82": [["cfree", 0, 2]], "83": [["cfree", 0, 3]], "84": [["v-aligned", 2, 1], ["v-aligned", 1, 2]], "85": [["cfree", 0, 3]], "88": [["cfree", 0, 1]], "89": [["left-of", 2, 3]], "90": [["top-in", 3, 0]], "93": [["cfree", 0, 1]], "95": [["cfree", 0, 2]], "97": [["v-aligned", 3, 2], ["v-aligned", 2, 3]], "99": [["cfree", 0, 1], ["cfree", 0, 2]]}, "1": {"1": [["v-aligned", 3, 1], ["v-aligned", 1, 3], ["v-aligned", 3, 2], ["v-aligned", 2, 3]], "2": [["h-aligned", 2, 1], ["h-aligned", 1, 2], ["left-of", 1, 2]], "9": [["close-to", 1, 2], ["close-to", 2, 1], ["left-of", 2, 3], ["right-in", 2, 0]], "15": [["left-in", 1, 0]], "17": [["close-to", 1, 2], ["close-to", 2, 1]], "19": [["cfree", 2, 3]], "20": [["cfree", 0, 2]], "26": [["cfree", 0, 1]], "27": [["cfree", 1, 2]], "28": [["cfree", 0, 1]], "31": [["cfree", 1, 2]], "32": [["away-from", 1, 3], ["away-from", 3, 1], ["away-from", 2, 3], ["away-from", 3, 2], ["left-of", 1, 2]], "34": [["v-aligned", 3, 2], ["v-aligned", 2, 3]], "35": [["center-in", 1, 0], ["h-aligned", 3, 2], ["h-aligned", 2, 3]], "40": [["cfree", 0, 1], ["cfree", 0, 2]], "42": [["cfree", 0, 3]], "49": [["cfree", 0, 2]], "53": [["cfree", 0, 1]], "55": [["cfree", 1, 3]], "56": [["cfree", 2, 3]], "58": [["cfree", 0, 1]], "60": [["away-from", 1, 2], ["away-from", 2, 1], ["v-aligned", 3, 2], ["v-aligned", 2, 3]], "62": [["bottom-in", 1, 0]], "66": [["h-aligned", 2, 1], ["h-aligned", 1, 2]], "67": [["bottom-in", 2, 0]], "68": [["left-of", 1, 3]], "69": [["v-aligned", 3, 2], ["v-aligned", 2, 3]], "70": [["top-of", 2, 1]], "72": [["cfree", 0, 1]], "78": [["bottom-in", 1, 0], ["v-aligned", 2, 1], ["v-aligned", 1, 2]], "81": [["cfree", 0, 2], ["cfree", 0, 1]], "82": [["away-from", 1, 3], ["away-from", 3, 1]], "84": [["v-aligned", 2, 1], ["v-aligned", 1, 2]], "89": [["left-of", 2, 3]], "90": [["cfree", 0, 2]], "93": [["cfree", 0, 1]], "97": [["v-aligned", 3, 2], ["v-aligned", 2, 3]]}, "2": {"2": [["close-to", 2, 3], ["close-to", 3, 2], ["h-aligned", 3, 1], ["h-aligned", 1, 3]], "9": [["cfree", 0, 2]], "15": [["left-in", 1, 0], ["left-of", 1, 2], ["left-of", 1, 3]], "17": [["cfree", 0, 3]], "26": [["cfree", 0, 1]], "27": [["bottom-in", 2, 0], ["top-of", 3, 2]], "31": [["cfree", 0, 1]], "32": [["cfree", 0, 1], ["cfree", 0, 2]], "35": [["h-aligned", 3, 2], ["h-aligned", 2, 3]], "40": [["cfree", 0, 1], ["cfree", 0, 2]], "42": [["cfree", 0, 3]], "49": [["cfree", 0, 1]], "53": [["h-aligned", 3, 2], ["h-aligned", 2, 3], ["left-in", 2, 0], ["left-of", 1, 2], ["left-of", 2, 3]], "55": [["cfree", 1, 3], ["cfree", 2, 3]], "56": [["cfree", 1, 3]], "60": [["cfree", 0, 3]], "62": [["bottom-in", 1, 0], ["h-aligned", 2, 1], ["h-aligned", 1, 2]], "67": [["v-aligned", 3, 2], ["v-aligned", 2, 3]], "68": [["center-in", 1, 0], ["left-of", 1, 2]], "70": [["cfree", 0, 3]], "72": [["cfree", 0, 1]], "78": [["bottom-in", 1, 0]], "82": [["v-aligned", 2, 1], ["v-aligned", 1, 2]], "89": [["cfree", 1, 2]], "93": [["cfree", 0, 1]]}}, "eval_tries": 2, "visualize": false}}