{"3": {"success": [[6, 0], [10, 0], [14, 0], [21, 0], [22, 0], [24, 0], [29, 0], [33, 0], [34, 0], [37, 0], [42, 0], [43, 0], [44, 0], [54, 0], [55, 0], [57, 0], [59, 0], [63, 0], [64, 0], [65, 0], [66, 0], [69, 0], [71, 0], [73, 0], [75, 0], [77, 0], [79, 0], [82, 0], [84, 0], [88, 0], [95, 0], [97, 0], [98, 0], [1, 1], [2, 1], [4, 1], [13, 1], [18, 1], [35, 1], [46, 1], [58, 1], [74, 1], [76, 1], [80, 1], [11, 2], [20, 2], [27, 2], [28, 2], [38, 2], [45, 2], [50, 2], [51, 2], [56, 2], [61, 2], [70, 2], [83, 2], [85, 2], [86, 2], [90, 2], [91, 2], [92, 2], [94, 2]], "success_rate": 0.33, "success_rate_top3": 0.62, "success_rounds": {"6": 0, "10": 0, "14": 0, "21": 0, "22": 0, "24": 0, "29": 0, "33": 0, "34": 0, "37": 0, "42": 0, "43": 0, "44": 0, "54": 0, "55": 0, "57": 0, "59": 0, "63": 0, "64": 0, "65": 0, "66": 0, "69": 0, "71": 0, "73": 0, "75": 0, "77": 0, "79": 0, "82": 0, "84": 0, "88": 0, "95": 0, "97": 0, "98": 0, "1": 1, "2": 1, "4": 1, "13": 1, "18": 1, "35": 1, "46": 1, "58": 1, "74": 1, "76": 1, "80": 1, "11": 2, "20": 2, "27": 2, "28": 2, "38": 2, "45": 2, "50": 2, "51": 2, "56": 2, "61": 2, "70": 2, "83": 2, "85": 2, "86": 2, "90": 2, "91": 2, "92": 2, "94": 2}, "sampling_time": [[1.6519391536712646, 100, 0.016519391536712648], [1.5948126316070557, 100, 0.015948126316070555], [1.5787413120269775, 100, 0.015787413120269777]], "all_failure_modes": {"0": {"0": [["cfree", 0, 3], ["cfree", 1, 2]], "1": [["v-aligned", 3, 1], ["v-aligned", 1, 3]], "2": [["h-aligned", 2, 1], ["h-aligned", 1, 2]], "3": [["away-from", 1, 2], ["away-from", 2, 1]], "4": [["cfree", 0, 2]], "5": [["cfree", 0, 3], ["cfree", 0, 1]], "7": [["cfree", 1, 3]], "8": [["cfree", 0, 3], ["cfree", 0, 2], ["cfree", 1, 2], ["cfree", 2, 3]], "9": [["cfree", 0, 1], ["cfree", 0, 3], ["cfree", 1, 2], ["cfree", 2, 3]], "11": [["cfree", 0, 2]], "12": [["cfree", 0, 1]], "13": [["cfree", 0, 3]], "15": [["cfree", 0, 3], ["cfree", 0, 2]], "16": [["cfree", 0, 2], ["cfree", 0, 3], ["cfree", 2, 3]], "17": [["cfree", 0, 3]], "18": [["cfree", 0, 1]], "19": [["cfree", 0, 1], ["cfree", 0, 3], ["cfree", 1, 2], ["cfree", 2, 3]], "20": [["cfree", 0, 2], ["cfree", 1, 2]], "23": [["cfree", 0, 3]], "25": [["cfree", 0, 3]], "26": [["cfree", 0, 1], ["cfree", 0, 2]], "27": [["cfree", 0, 1], ["cfree", 0, 2], ["cfree", 1, 2]], "28": [["cfree", 0, 1], ["cfree", 0, 2]], "30": [["top-of", 2, 1]], "31": [["cfree", 1, 2]], "32": [["away-from", 1, 3], ["away-from", 3, 1], ["h-aligned", 2, 1], ["h-aligned", 1, 2]], "35": [["cfree", 0, 2]], "36": [["away-from", 1, 3], ["away-from", 3, 1], ["bottom-in", 1, 0]], "38": [["v-aligned", 3, 2], ["v-aligned", 2, 3]], "39": [["cfree", 0, 1]], "40": [["cfree", 0, 1]], "41": [["cfree", 0, 3], ["cfree", 2, 3]], "45": [["left-of", 1, 3], ["left-of", 2, 3], ["v-aligned", 2, 1], ["v-aligned", 1, 2]], "46": [["cfree", 0, 2]], "47": [["cfree", 0, 1], ["cfree", 1, 2]], "48": [["cfree", 1, 2]], "49": [["cfree", 1, 2]], "50": [["top-of", 2, 1]], "51": [["cfree", 0, 2]], "52": [["cfree", 1, 3]], "53": [["left-in", 2, 0]], "56": [["cfree", 1, 3]], "58": [["cfree", 0, 3], ["cfree", 1, 3]], "60": [["cfree", 1, 2]], "61": [["cfree", 0, 3]], "62": [["cfree", 0, 3], ["cfree", 0, 1], ["cfree", 0, 2]], "67": [["v-aligned", 3, 2], ["v-aligned", 2, 3]], "68": [["center-in", 1, 0]], "70": [["cfree", 0, 2]], "72": [["cfree", 0, 1], ["cfree", 1, 3]], "74": [["bottom-in", 1, 0], ["h-aligned", 2, 1], ["h-aligned", 1, 2], ["top-of", 3, 2]], "76": [["cfree", 0, 2], ["cfree", 2, 3]], "78": [["cfree", 0, 3]], "80": [["away-from", 2, 3], ["away-from", 3, 2], ["center-in", 3, 0]], "81": [["cfree", 0, 2], ["cfree", 0, 1]], "83": [["cfree", 0, 3], ["cfree", 1, 3]], "85": [["cfree", 0, 3]], "86": [["cfree", 0, 2], ["cfree", 0, 3]], "87": [["cfree", 0, 1], ["cfree", 1, 2]], "89": [["cfree", 0, 3], ["cfree", 1, 3]], "90": [["cfree", 0, 3]], "91": [["cfree", 0, 2]], "92": [["cfree", 0, 3]], "93": [["cfree", 0, 2], ["cfree", 0, 3]], "94": [["cfree", 0, 2]], "96": [["h-aligned", 3, 2], ["h-aligned", 2, 3]], "99": [["cfree", 0, 1], ["cfree", 0, 2]]}, "1": {"0": [["h-aligned", 3, 2], ["h-aligned", 2, 3]], "3": [["cfree", 0, 3]], "5": [["away-from", 1, 3], ["away-from", 3, 1]], "7": [["top-of", 3, 1]], "8": [["cfree", 0, 2]], "9": [["cfree", 0, 1], ["cfree", 1, 2]], "11": [["cfree", 0, 2], ["cfree", 0, 3]], "12": [["cfree", 0, 2], ["cfree", 0, 3], ["cfree", 2, 3]], "15": [["cfree", 0, 3], ["cfree", 0, 1]], "16": [["cfree", 0, 2], ["cfree", 0, 3], ["cfree", 2, 3]], "17": [["h-aligned", 2, 1], ["h-aligned", 1, 2]], "19": [["cfree", 0, 3], ["cfree", 0, 1], ["cfree", 2, 3]], "20": [["cfree", 0, 2]], "23": [["cfree", 0, 3]], "25": [["cfree", 0, 3]], "26": [["cfree", 0, 1]], "27": [["cfree", 0, 1], ["cfree", 0, 2], ["cfree", 1, 2]], "28": [["cfree", 0, 1]], "30": [["cfree", 2, 3]], "31": [["cfree", 0, 2]], "32": [["h-aligned", 2, 1], ["h-aligned", 1, 2]], "36": [["cfree", 0, 1]], "38": [["v-aligned", 3, 2], ["v-aligned", 2, 3]], "39": [["cfree", 1, 2], ["cfree", 2, 3]], "40": [["cfree", 0, 3], ["cfree", 0, 1], ["cfree", 0, 2], ["cfree", 2, 3]], "41": [["cfree", 0, 3], ["cfree", 0, 1]], "45": [["v-aligned", 2, 1], ["v-aligned", 1, 2]], "47": [["cfree", 0, 2], ["cfree", 0, 3], ["cfree", 1, 3]], "48": [["h-aligned", 3, 2], ["h-aligned", 2, 3]], "49": [["cfree", 0, 1]], "50": [["cfree", 0, 1]], "51": [["cfree", 0, 1]], "52": [["center-in", 1, 0]], "53": [["cfree", 0, 1]], "56": [["cfree", 0, 3], ["cfree", 1, 3], ["cfree", 2, 3]], "60": [["away-from", 1, 2], ["away-from", 2, 1]], "61": [["cfree", 0, 3], ["cfree", 1, 2]], "62": [["cfree", 0, 2]], "67": [["bottom-in", 2, 0], ["v-aligned", 3, 1], ["v-aligned", 1, 3], ["v-aligned", 3, 2], ["v-aligned", 2, 3]], "68": [["cfree", 0, 3], ["cfree", 1, 3]], "70": [["cfree", 2, 3]], "72": [["cfree", 0, 1]], "78": [["bottom-in", 1, 0], ["v-aligned", 2, 1], ["v-aligned", 1, 2]], "81": [["cfree", 0, 2], ["cfree", 0, 1], ["cfree", 1, 2]], "83": [["cfree", 0, 1], ["cfree", 0, 3], ["cfree", 1, 3]], "85": [["cfree", 0, 3]], "86": [["close-to", 1, 2], ["close-to", 2, 1]], "87": [["cfree", 0, 3]], "89": [["center-in", 1, 0], ["h-aligned", 3, 2], ["h-aligned", 2, 3], ["left-of", 2, 3]], "90": [["cfree", 0, 3], ["cfree", 0, 2]], "91": [["cfree", 0, 2]], "92": [["h-aligned", 3, 1], ["h-aligned", 1, 3]], "93": [["cfree", 0, 2], ["cfree", 2, 3]], "94": [["cfree", 0, 1], ["cfree", 0, 3], ["cfree", 1, 2], ["cfree", 2, 3]], "96": [["left-of", 1, 2]], "99": [["h-aligned", 2, 1], ["h-aligned", 1, 2]]}, "2": {"0": [["cfree", 0, 3]], "3": [["cfree", 0, 3]], "5": [["cfree", 0, 1]], "7": [["cfree", 0, 3]], "8": [["cfree", 0, 3], ["cfree", 1, 2], ["cfree", 2, 3]], "9": [["close-to", 1, 2], ["close-to", 2, 1], ["right-in", 2, 0]], "12": [["cfree", 0, 1], ["cfree", 0, 3], ["cfree", 2, 3]], "15": [["cfree", 0, 3], ["cfree", 0, 2]], "16": [["cfree", 0, 2], ["cfree", 0, 3]], "17": [["close-to", 1, 2], ["close-to", 2, 1], ["h-aligned", 3, 1], ["h-aligned", 1, 3]], "19": [["cfree", 2, 3]], "23": [["cfree", 0, 2]], "25": [["v-aligned", 3, 1], ["v-aligned", 1, 3]], "26": [["cfree", 0, 1], ["cfree", 0, 2], ["cfree", 1, 2], ["cfree", 1, 3]], "30": [["cfree", 0, 3]], "31": [["cfree", 1, 3]], "32": [["h-aligned", 2, 1], ["h-aligned", 1, 2], ["left-of", 1, 2]], "36": [["cfree", 0, 2], ["cfree", 2, 3]], "39": [["left-in", 2, 0]], "40": [["cfree", 0, 1]], "41": [["left-of", 1, 3]], "47": [["cfree", 0, 3]], "48": [["cfree", 1, 3]], "49": [["cfree", 0, 3], ["cfree", 0, 1], ["cfree", 0, 2]], "52": [["cfree", 1, 3]], "53": [["left-in", 2, 0], ["left-of", 2, 3]], "60": [["away-from", 1, 2], ["away-from", 2, 1]], "62": [["h-aligned", 2, 1], ["h-aligned", 1, 2], ["top-of", 3, 1]], "67": [["v-aligned", 3, 2], ["v-aligned", 2, 3]], "68": [["cfree", 0, 3], ["cfree", 1, 3]], "72": [["cfree", 0, 1], ["cfree", 0, 2]], "78": [["cfree", 0, 1], ["cfree", 0, 2]], "81": [["cfree", 0, 2], ["cfree", 0, 1]], "87": [["v-aligned", 2, 1], ["v-aligned", 1, 2]], "89": [["cfree", 0, 2]], "93": [["cfree", 0, 2], ["cfree", 2, 3]],