{"3": {"success": [[0, 0], [1, 0], [3, 0], [4, 0], [8, 0], [10, 0], [11, 0], [12, 0], [16, 0], [18, 0], [19, 0], [21, 0], [25, 0], [29, 0], [33, 0], [37, 0], [38, 0], [46, 0], [51, 0], [52, 0], [54, 0], [58, 0], [59, 0], [63, 0], [64, 0], [66, 0], [68, 0], [69, 0], [70, 0], [73, 0], [74, 0], [75, 0], [77, 0], [79, 0], [81, 0], [82, 0], [83, 0], [84, 0], [85, 0], [87, 0], [90, 0], [91, 0], [94, 0], [95, 0], [96, 0], [97, 0], [7, 1], [13, 1], [14, 1], [22, 1], [23, 1], [24, 1], [30, 1], [34, 1], [36, 1], [43, 1], [45, 1], [47, 1], [48, 1], [57, 1], [61, 1], [62, 1], [65, 1], [72, 1], [76, 1], [80, 1], [86, 1], [92, 1], [98, 1], [99, 1], [6, 2], [17, 2], [20, 2], [41, 2], [44, 2], [56, 2], [60, 2], [71, 2], [93, 2]], "success_rate": 0.46, "success_rate_top3": 0.79, "success_rounds": {"0": 0, "1": 0, "3": 0, "4": 0, "8": 0, "10": 0, "11": 0, "12": 0, "16": 0, "18": 0, "19": 0, "21": 0, "25": 0, "29": 0, "33": 0, "37": 0, "38": 0, "46": 0, "51": 0, "52": 0, "54": 0, "58": 0, "59": 0, "63": 0, "64": 0, "66": 0, "68": 0, "69": 0, "70": 0, "73": 0, "74": 0, "75": 0, "77": 0, "79": 0, "81": 0, "82": 0, "83": 0, "84": 0, "85": 0, "87": 0, "90": 0, "91": 0, "94": 0, "95": 0, "96": 0, "97": 0, "7": 1, "13": 1, "14": 1, "22": 1, "23": 1, "24": 1, "30": 1, "34": 1, "36": 1, "43": 1, "45": 1, "47": 1, "48": 1, "57": 1, "61": 1, "62": 1, "65": 1, "72": 1, "76": 1, "80": 1, "86": 1, "92": 1, "98": 1, "99": 1, "6": 2, "17": 2, "20": 2, "41": 2, "44": 2, "56": 2, "60": 2, "71": 2, "93": 2}, "sampling_time": [[30.46392798423767, 100, 0.3046392798423767], [30.175431489944458, 100, 0.3017543148994446], [30.530353546142578, 100, 0.3053035354614258]], "all_failure_modes": {"0": {"2": [["cfree", 0, 1]], "5": [["cfree", 0, 3], ["cfree", 0, 1]], "6": [["v-aligned", 2, 1], ["v-aligned", 1, 2]], "7": [["top-of", 3, 1]], "9": [["right-in", 2, 0]], "13": [["cfree", 0, 3]], "14": [["left-of", 1, 3]], "15": [["left-in", 1, 0]], "17": [["cfree", 0, 3]], "20": [["cfree", 0, 2]], "22": [["center-in", 1, 0]], "23": [["cfree", 0, 3]], "24": [["cfree", 0, 1], ["cfree", 0, 3]], "26": [["cfree", 0, 1]], "27": [["top-of", 3, 2]], "28": [["cfree", 2, 3]], "30": [["cfree", 2, 3]], "31": [["cfree", 0, 3]], "32": [["cfree", 0, 1]], "34": [["v-aligned", 3, 2], ["v-aligned", 2, 3]], "35": [["center-in", 1, 0]], "36": [["away-from", 1, 3], ["away-from", 3, 1]], "39": [["left-in", 2, 0]], "40": [["cfree", 0, 3], ["cfree", 0, 1]], "41": [["cfree", 0, 2]], "42": [["cfree", 0, 3]], "43": [["v-aligned", 3, 2], ["v-aligned", 2, 3]], "44": [["cfree", 0, 3], ["cfree", 0, 2]], "45": [["top-of", 2, 1]], "47": [["cfree", 0, 1]], "48": [["cfree", 0, 3]], "49": [["cfree", 0, 1]], "50": [["h-aligned", 3, 2], ["h-aligned", 2, 3]], "53": [["h-aligned", 2, 1], ["h-aligned", 1, 2], ["left-in", 2, 0], ["left-of", 2, 3]], "55": [["h-aligned", 2, 1], ["h-aligned", 1, 2]], "56": [["cfree", 0, 3]], "57": [["top-in", 3, 0]], "60": [["away-from", 1, 2], ["away-from", 2, 1], ["v-aligned", 3, 2], ["v-aligned", 2, 3]], "61": [["cfree", 0, 2]], "62": [["bottom-in", 1, 0]], "65": [["h-aligned", 2, 1], ["h-aligned", 1, 2]], "67": [["v-aligned", 3, 1], ["v-aligned", 1, 3]], "71": [["v-aligned", 3, 1], ["v-aligned", 1, 3]], "72": [["cfree", 0, 1]], "76": [["cfree", 0, 3]], "78": [["cfree", 0, 1]], "80": [["top-in", 3, 0]], "86": [["cfree", 1, 2]], "88": [["cfree", 0, 1]], "89": [["h-aligned", 3, 2], ["h-aligned", 2, 3], ["left-of", 2, 3]], "92": [["h-aligned", 3, 2], ["h-aligned", 2, 3], ["left-of", 2, 3]], "93": [["cfree", 0, 1]], "98": [["v-aligned", 2, 1], ["v-aligned", 1, 2]], "99": [["cfree", 0, 1]]}, "1": {"2": [["close-to", 2, 3], ["close-to", 3, 2], ["h-aligned", 2, 1], ["h-aligned", 1, 2]], "5": [["cfree", 0, 3], ["cfree", 1, 2]], "6": [["v-aligned", 2, 1], ["v-aligned", 1, 2]], "9": [["close-to", 1, 2], ["close-to", 2, 1]], "15": [["left-in", 1, 0], ["left-of", 1, 3]], "17": [["h-aligned", 2, 1], ["h-aligned", 1, 2]], "20": [["left-of", 2, 3], ["v-aligned", 2, 1], ["v-aligned", 1, 2]], "26": [["cfree", 0, 1]], "27": [["bottom-in", 2, 0]], "28": [["close-to", 2, 3], ["close-to", 3, 2]], "31": [["cfree", 1, 2]], "32": [["cfree", 0, 2]], "35": [["cfree", 0, 1]], "39": [["cfree", 0, 1]], "40": [["cfree", 0, 1]], "41": [["away-from", 2, 3], ["away-from", 3, 2], ["left-of", 1, 3]], "42": [["cfree", 0, 1]], "44": [["cfree", 0, 3]], "49": [["center-in", 1, 0], ["close-to", 2, 3], ["close-to", 3, 2]], "50": [["cfree", 0, 1]], "53": [["cfree", 0, 1]], "55": [["close-to", 1, 3], ["close-to", 3, 1]], "56": [["cfree", 1, 3]], "60": [["cfree", 0, 1]], "67": [["v-aligned", 3, 1], ["v-aligned", 1, 3]], "71": [["v-aligned", 3, 1], ["v-aligned", 1, 3]], "78": [["bottom-in", 1, 0], ["left-of", 2, 3]], "88": [["v-aligned", 3, 1], ["v-aligned", 1, 3]], "89": [["h-aligned", 3, 2], ["h-aligned", 2, 3], ["left-of", 2, 3]], "93": [["cfree", 0, 1]]}, "2": {"2": [["h-aligned", 2, 1], ["h-aligned", 1, 2]], "5": [["away-from", 1, 3], ["away-from", 3, 1]], "9": [["left-in", 1, 0]], "15": [["left-in", 1, 0]], "26": [["cfree", 0, 1]], "27": [["cfree", 1, 2]], "28": [["cfree", 0, 2]], "31": [["cfree", 1, 2]], "32": [["away-from", 1, 3], ["away-from", 3, 1], ["h-aligned", 2, 1], ["h-aligned", 1, 2], ["left-of", 1, 2]], "35": [["center-in", 1, 0]], "39": [["center-in", 2, 0]], "40": [["away-from", 1, 2], ["away-from", 2, 1]], "42": [["cfree", 0, 3]], "49": [["cfree", 0, 1]], "50": [["h-aligned", 3, 2], ["h-aligned", 2, 3], ["top-of", 2, 1]], "53": [["left-in", 2, 0], ["left-of", 2, 3]], "55": [["cfree", 0, 1]], "67": [["bottom-in", 2, 0], ["v-aligned", 3, 1], ["v-aligned", 1, 3], ["v-aligned", 3, 2], ["v-aligned", 2, 3]], "78": [["left-of", 2, 3]], "88": [["v-aligned", 3, 1], ["v-aligned", 1, 3]], "89": [["center-in", 1, 0], ["left-of", 2, 3]]}}, "eval_tries": 2, "visualize": false}}