{"3": {"success": [[5, 0], [6, 0], [7, 0], [8, 0], [10, 0], [11, 0], [13, 0], [16, 0], [18, 0], [19, 0], [21, 0], [22, 0], [23, 0], [24, 0], [25, 0], [29, 0], [30, 0], [33, 0], [36, 0], [37, 0], [38, 0], [46, 0], [47, 0], [48, 0], [50, 0], [52, 0], [57, 0], [59, 0], [60, 0], [61, 0], [63, 0], [64, 0], [65, 0], [69, 0], [70, 0], [71, 0], [73, 0], [75, 0], [77, 0], [80, 0], [81, 0], [82, 0], [84, 0], [85, 0], [87, 0], [91, 0], [93, 0], [95, 0], [96, 0], [97, 0], [98, 0], [0, 1], [4, 1], [12, 1], [14, 1], [32, 1], [43, 1], [44, 1], [45, 1], [51, 1], [58, 1], [68, 1], [76, 1], [79, 1], [83, 1], [88, 1], [89, 1], [92, 1], [94, 1], [1, 2], [17, 2], [72, 2], [74, 2], [99, 2]], "success_rate": 0.51, "success_rate_top3": 0.74, "success_rounds": {"5": 0, "6": 0, "7": 0, "8": 0, "10": 0, "11": 0, "13": 0, "16": 0, "18": 0, "19": 0, "21": 0, "22": 0, "23": 0, "24": 0, "25": 0, "29": 0, "30": 0, "33": 0, "36": 0, "37": 0, "38": 0, "46": 0, "47": 0, "48": 0, "50": 0, "52": 0, "57": 0, "59": 0, "60": 0, "61": 0, "63": 0, "64": 0, "65": 0, "69": 0, "70": 0, "71": 0, "73": 0, "75": 0, "77": 0, "80": 0, "81": 0, "82": 0, "84": 0, "85": 0, "87": 0, "91": 0, "93": 0, "95": 0, "96": 0, "97": 0, "98": 0, "0": 1, "4": 1, "12": 1, "14": 1, "32": 1, "43": 1, "44": 1, "45": 1, "51": 1, "58": 1, "68": 1, "76": 1, "79": 1, "83": 1, "88": 1, "89": 1, "92": 1, "94": 1, "1": 2, "17": 2, "72": 2, "74": 2, "99": 2}, "sampling_time": [[11.105056524276733, 100, 0.11105056524276734], [11.081568717956543, 100, 0.11081568717956543], [11.21003246307373, 100, 0.11210032463073731]], "all_failure_modes": {"0": {"0": [["cfree", 0, 3]], "1": [["top-of", 2, 1]], "2": [["cfree", 0, 3]], "3": [["cfree", 0, 3]], "4": [["cfree", 0, 3]], "9": [["close-to", 1, 2], ["close-to", 2, 1], ["left-of", 2, 3], ["right-in", 2, 0]], "12": [["cfree", 0, 1], ["cfree", 0, 3], ["cfree", 2, 3]], "14": [["left-of", 1, 2]], "15": [["left-of", 1, 2], ["left-of", 1, 3]], "17": [["h-aligned", 2, 1], ["h-aligned", 1, 2]], "20": [["cfree", 0, 2]], "26": [["cfree", 0, 1]], "27": [["bottom-in", 2, 0], ["close-to", 1, 2], ["close-to", 2, 1], ["top-of", 3, 2]], "28": [["cfree", 0, 1]], "31": [["cfree", 1, 2]], "32": [["cfree", 0, 1]], "34": [["v-aligned", 3, 2], ["v-aligned", 2, 3]], "35": [["cfree", 0, 1]], "39": [["left-in", 2, 0]], "40": [["cfree", 0, 2]], "41": [["cfree", 0, 2], ["cfree", 2, 3]], "42": [["cfree", 0, 3]], "43": [["cfree", 2, 3]], "44": [["cfree", 0, 2]], "45": [["left-of", 1, 3]], "49": [["cfree", 0, 1]], "51": [["cfree", 0, 3]], "53": [["cfree", 0, 1]], "54": [["close-to", 2, 3], ["close-to", 3, 2]], "55": [["h-aligned", 2, 1], ["h-aligned", 1, 2]], "56": [["cfree", 1, 3], ["cfree", 2, 3]], "58": [["cfree", 0, 3]], "62": [["bottom-in", 1, 0]], "66": [["cfree", 0, 1], ["cfree", 0, 2]], "67": [["v-aligned", 3, 1], ["v-aligned", 1, 3]], "68": [["center-in", 1, 0], ["left-of", 1, 3]], "72": [["cfree", 0, 1]], "74": [["cfree", 0, 1]], "76": [["cfree", 0, 3]], "78": [["left-of", 2, 3], ["v-aligned", 2, 1], ["v-aligned", 1, 2]], "79": [["left-of", 1, 2]], "83": [["cfree", 0, 2], ["cfree", 0, 3]], "86": [["close-to", 1, 2], ["close-to", 2, 1]], "88": [["cfree", 0, 1]], "89": [["h-aligned", 3, 2], ["h-aligned", 2, 3], ["left-of", 2, 3]], "90": [["cfree", 0, 3]], "92": [["h-aligned", 3, 1], ["h-aligned", 1, 3]], "94": [["cfree", 0, 2]], "99": [["cfree", 0, 2]]}, "1": {"1": [["v-aligned", 3, 1], ["v-aligned", 1, 3]], "2": [["h-aligned", 2, 1], ["h-aligned", 1, 2]], "3": [["cfree", 0, 3]], "9": [["cfree", 0, 1]], "15": [["left-of", 1, 2], ["left-of", 1, 3]], "17": [["h-aligned", 2, 1], ["h-aligned", 1, 2]], "20": [["left-of", 2, 3], ["v-aligned", 2, 1], ["v-aligned", 1, 2]], "26": [["cfree", 0, 1]], "27": [["cfree", 1, 2]], "28": [["cfree", 0, 1]], "31": [["cfree", 1, 2], ["cfree", 1, 3]], "34": [["v-aligned", 3, 2], ["v-aligned", 2, 3]], "35": [["center-in", 1, 0]], "39": [["left-in", 2, 0]], "40": [["cfree", 0, 3], ["cfree", 0, 1]], "41": [["cfree", 0, 2]], "42": [["cfree", 0, 3]], "49": [["cfree", 0, 2], ["cfree", 1, 2]], "53": [["cfree", 0, 1]], "54": [["cfree", 2, 3]], "55": [["cfree", 1, 3]], "56": [["cfree", 1, 3], ["cfree", 2, 3]], "62": [["bottom-in", 1, 0]], "66": [["cfree", 0, 1]], "67": [["v-aligned", 3, 1], ["v-aligned", 1, 3], ["v-aligned", 3, 2], ["v-aligned", 2, 3]], "72": [["cfree", 0, 1]], "74": [["top-of", 3, 2]], "78": [["bottom-in", 1, 0], ["left-of", 2, 3], ["v-aligned", 2, 1], ["v-aligned", 1, 2]], "86": [["cfree", 1, 2]], "90": [["cfree", 0, 2]], "99": [["cfree", 0, 1]]}, "2": {"2": [["close-to", 2, 3], ["close-to", 3, 2], ["h-aligned", 3, 1], ["h-aligned", 1, 3]], "3": [["away-from", 1, 2], ["away-from", 2, 1]], "9": [["close-to", 1, 2], ["close-to", 2, 1], ["right-in", 2, 0]], "15": [["left-in", 1, 0], ["left-of", 1, 3]], "20": [["cfree", 0, 2]], "26": [["cfree", 0, 1]], "27": [["bottom-in", 2, 0]], "28": [["cfree", 0, 1]], "31": [["cfree", 1, 3]], "34": [["right-in", 3, 0]], "35": [["cfree", 0, 1]], "39": [["left-in", 2, 0]], "40": [["cfree", 0, 2]], "41": [["cfree", 2, 3]], "42": [["cfree", 0, 3]], "49": [["center-in", 1, 0], ["close-to", 2, 3], ["close-to", 3, 2]], "53": [["left-in", 2, 0]], "54": [["cfree", 2, 3]], "55": [["cfree", 0, 3]], "56": [["cfree", 2, 3]], "62": [["bottom-in", 1, 0]], "66": [["cfree", 0, 1], ["cfree", 0, 2]], "67": [["bottom-in", 2, 0]], "78": [["bottom-in", 1, 0], ["left-of", 2, 3]], "86": [["cfree", 1, 2]], "90": [["top-in", 3, 0]]}}, "eval_tries": 2, "visualize": false}}