{"3": {"success": [[5, 0], [7, 0], [11, 0], [12, 0], [14, 0], [17, 0], [18, 0], [21, 0], [22, 0], [25, 0], [29, 0], [33, 0], [34, 0], [37, 0], [43, 0], [46, 0], [52, 0], [57, 0], [63, 0], [64, 0], [65, 0], [68, 0], [71, 0], [73, 0], [75, 0], [76, 0], [77, 0], [80, 0], [83, 0], [84, 0], [85, 0], [86, 0], [88, 0], [92, 0], [94, 0], [95, 0], [96, 0], [98, 0], [99, 0], [1, 1], [3, 1], [4, 1], [19, 1], [24, 1], [32, 1], [35, 1], [39, 1], [42, 1], [45, 1], [51, 1], [54, 1], [61, 1], [74, 1], [79, 1], [82, 1], [89, 1], [91, 1], [93, 1], [97, 1], [6, 2], [8, 2], [10, 2], [13, 2], [16, 2], [20, 2], [36, 2], [38, 2], [47, 2], [55, 2], [59, 2], [60, 2], [72, 2], [87, 2]], "success_rate": 0.39, "success_rate_top3": 0.73, "success_rounds": {"5": 0, "7": 0, "11": 0, "12": 0, "14": 0, "17": 0, "18": 0, "21": 0, "22": 0, "25": 0, "29": 0, "33": 0, "34": 0, "37": 0, "43": 0, "46": 0, "52": 0, "57": 0, "63": 0, "64": 0, "65": 0, "68": 0, "71": 0, "73": 0, "75": 0, "76": 0, "77": 0, "80": 0, "83": 0, "84": 0, "85": 0, "86": 0, "88": 0, "92": 0, "94": 0, "95": 0, "96": 0, "98": 0, "99": 0, "1": 1, "3": 1, "4": 1, "19": 1, "24": 1, "32": 1, "35": 1, "39": 1, "42": 1, "45": 1, "51": 1, "54": 1, "61": 1, "74": 1, "79": 1, "82": 1, "89": 1, "91": 1, "93": 1, "97": 1, "6": 2, "8": 2, "10": 2, "13": 2, "16": 2, "20": 2, "36": 2, "38": 2, "47": 2, "55": 2, "59": 2, "60": 2, "72": 2, "87": 2}, "sampling_time": [[4.761934041976929, 100, 0.047619340419769285], [4.774457931518555, 100, 0.04774457931518555], [4.781643390655518, 100, 0.04781643390655518]], "all_failure_modes": {"0": {"0": [["left-of", 2, 3]], "1": [["v-aligned", 3, 2], ["v-aligned", 2, 3]], "2": [["cfree", 1, 2]], "3": [["cfree", 0, 3]], "4": [["away-from", 1, 2], ["away-from", 2, 1]], "6": [["cfree", 0, 2]], "8": [["cfree", 0, 1]], "9": [["cfree", 1, 2]], "10": [["cfree", 0, 2], ["cfree", 2, 3]], "13": [["h-aligned", 3, 2], ["h-aligned", 2, 3]], "15": [["cfree", 0, 1]], "16": [["cfree", 0, 2]], "19": [["cfree", 2, 3]], "20": [["cfree", 0, 2]], "23": [["cfree", 0, 3]], "24": [["v-aligned", 3, 1], ["v-aligned", 1, 3]], "26": [["cfree", 0, 2], ["cfree", 0, 1]], "27": [["bottom-in", 2, 0]], "28": [["cfree", 0, 1], ["cfree", 0, 2]], "30": [["cfree", 0, 3]], "31": [["cfree", 1, 3]], "32": [["away-from", 1, 3], ["away-from", 3, 1], ["left-of", 1, 2]], "35": [["cfree", 0, 1]], "36": [["away-from", 1, 3], ["away-from", 3, 1]], "38": [["close-to", 1, 3], ["close-to", 3, 1]], "39": [["left-in", 2, 0]], "40": [["cfree", 0, 1]], "41": [["cfree", 2, 3]], "42": [["cfree", 0, 3]], "44": [["cfree", 0, 3]], "45": [["v-aligned", 2, 1], ["v-aligned", 1, 2]], "47": [["cfree", 0, 3]], "48": [["cfree", 0, 3]], "49": [["cfree", 0, 3], ["cfree", 0, 1]], "50": [["h-aligned", 3, 2], ["h-aligned", 2, 3]], "51": [["cfree", 0, 2]], "53": [["h-aligned", 3, 1], ["h-aligned", 1, 3], ["left-in", 2, 0], ["left-of", 2, 3]], "54": [["cfree", 2, 3]], "55": [["close-to", 1, 3], ["close-to", 3, 1]], "56": [["cfree", 0, 2]], "58": [["cfree", 0, 2], ["cfree", 0, 1], ["cfree", 1, 2]], "59": [["h-aligned", 3, 2], ["h-aligned", 2, 3]], "60": [["away-from", 1, 2], ["away-from", 2, 1], ["v-aligned", 3, 2], ["v-aligned", 2, 3]], "61": [["h-aligned", 3, 1], ["h-aligned", 1, 3]], "62": [["bottom-in", 1, 0]], "66": [["cfree", 0, 2]], "67": [["bottom-in", 2, 0]], "69": [["bottom-in", 2, 0]], "70": [["cfree", 0, 2], ["cfree", 0, 3]], "72": [["cfree", 0, 1]], "74": [["cfree", 0, 1]], "78": [["bottom-in", 1, 0]], "79": [["left-of", 1, 2]], "81": [["cfree", 0, 2], ["cfree", 0, 1]], "82": [["away-from", 1, 3], ["away-from", 3, 1]], "87": [["cfree", 0, 1], ["cfree", 1, 2]], "89": [["center-in", 1, 0], ["left-of", 2, 3]], "90": [["cfree", 0, 3]], "91": [["v-aligned", 2, 1], ["v-aligned", 1, 2]], "93": [["cfree", 0, 2]], "97": [["cfree", 0, 3]]}, "1": {"0": [["cfree", 0, 3]], "2": [["cfree", 0, 3]], "6": [["cfree", 0, 2], ["cfree", 0, 3]], "8": [["cfree", 0, 1]], "9": [["close-to", 1, 2], ["close-to", 2, 1], ["h-aligned", 2, 1], ["h-aligned", 1, 2], ["left-of", 2, 3], ["right-in", 2, 0]], "10": [["cfree", 0, 1]], "13": [["h-aligned", 3, 2], ["h-aligned", 2, 3]], "15": [["cfree", 0, 3], ["cfree", 0, 2], ["cfree", 2, 3]], "16": [["cfree", 0, 2]], "20": [["v-aligned", 2, 1], ["v-aligned", 1, 2]], "23": [["cfree", 0, 3]], "26": [["cfree", 0, 1]], "27": [["cfree", 1, 2]], "28": [["cfree", 0, 2], ["cfree", 1, 2]], "30": [["cfree", 0, 3]], "31": [["cfree", 1, 2]], "36": [["top-of", 3, 2]], "38": [["close-to", 1, 3], ["close-to", 3, 1]], "40": [["cfree", 0, 1], ["cfree", 0, 2], ["cfree", 0, 3]], "41": [["away-from", 1, 2], ["away-from", 2, 1], ["away-from", 2, 3], ["away-from", 3, 2], ["left-of", 1, 3]], "44": [["cfree", 0, 2]], "47": [["cfree", 0, 1]], "48": [["left-of", 2, 3]], "49": [["center-in", 1, 0], ["close-to", 2, 3], ["close-to", 3, 2]], "50": [["cfree", 0, 2], ["cfree", 0, 1]], "53": [["left-in", 2, 0]], "55": [["h-aligned", 2, 1], ["h-aligned", 1, 2]], "56": [["cfree", 1, 3]], "58": [["cfree", 0, 3]], "59": [["cfree", 0, 3]], "60": [["cfree", 0, 2]], "62": [["cfree", 0, 3]], "66": [["cfree", 0, 1]], "67": [["bottom-in", 2, 0], ["v-aligned", 3, 1], ["v-aligned", 1, 3], ["v-aligned", 3, 2], ["v-aligned", 2, 3]], "69": [["v-aligned", 3, 2], ["v-aligned", 2, 3]], "70": [["cfree", 0, 2]], "72": [["cfree", 0, 1]], "78": [["cfree", 0, 3]], "81": [["cfree", 0, 3]], "87": [["cfree", 0, 1], ["cfree", 0, 3]], "90": [["top-in", 3, 0]]}, "2": {"0": [["cfree", 0, 2], ["cfree", 0, 3]], "2": [["cfree", 0, 3], ["cfree", 0, 1], ["cfree", 2, 3]], "9": [["right-in", 2, 0]], "15": [["left-in", 1, 0]], "23": [["cfree", 0, 3]], "26": [["cfree", 0, 1], ["cfree", 0, 2]], "27": [["cfree", 0, 3]], "28": [["cfree", 0, 1]], "30": [["cfree", 0, 3]], "31": [["cfree", 1, 2], ["cfree", 1, 3]], "40": [["cfree", 0, 1], ["cfree", 0, 2]], "41": [["away-from", 1, 2], ["away-from", 2, 1], ["away-from", 2, 3], ["away-from", 3, 2], ["left-of", 1, 3]], "44": [["cfree", 0, 3], ["cfree", 0, 2]], "48": [["cfree", 0, 3]], "49": [["center-in", 1, 0], ["close-to", 2, 3], ["close-to", 3, 2]], "50": [["cfree", 0, 1]], "53": [["left-in", 2, 0]], "56": [["cfree", 1, 3], ["cfree", 2, 3]], "58": [["cfree", 0, 2], ["cfree", 0, 3]], "62": [["h-aligned", 2, 1], ["h-aligned", 1, 2]], "66": [["cfree", 0, 1]], "67": [["cfree", 0, 1]], "69": [["v-aligned", 3, 2], ["v-aligned", 2, 3]], "70": [["top-of", 2, 1]], "78": [["cfree", 0, 1], ["cfree", 0, 2]], "81": [["cfree", 0, 1]], "90": [["cfree", 0, 3]]}}, "eval_tries": 2, "visualize": false}}