{"3": {"success": [[4, 0], [5, 0], [6, 0], [7, 0], [8, 0], [10, 0], [11, 0], [14, 0], [15, 0], [19, 0], [20, 0], [24, 0], [25, 0], [29, 0], [31, 0], [32, 0], [33, 0], [36, 0], [37, 0], [39, 0], [43, 0], [45, 0], [46, 0], [47, 0], [48, 0], [50, 0], [52, 0], [54, 0], [58, 0], [59, 0], [60, 0], [61, 0], [63, 0], [64, 0], [66, 0], [68, 0], [71, 0], [73, 0], [74, 0], [75, 0], [76, 0], [79, 0], [84, 0], [87, 0], [88, 0], [91, 0], [92, 0], [94, 0], [95, 0], [98, 0], [99, 0], [1, 1], [2, 1], [3, 1], [13, 1], [17, 1], [22, 1], [23, 1], [38, 1], [42, 1], [57, 1], [77, 1], [80, 1], [82, 1], [90, 1], [93, 1], [96, 1], [97, 1], [12, 2], [16, 2], [26, 2], [34, 2], [35, 2], [55, 2], [69, 2], [83, 2], [85, 2], [86, 2]], "success_rate": 0.51, "success_rate_top3": 0.78, "success_rounds": {"4": 0, "5": 0, "6": 0, "7": 0, "8": 0, "10": 0, "11": 0, "14": 0, "15": 0, "19": 0, "20": 0, "24": 0, "25": 0, "29": 0, "31": 0, "32": 0, "33": 0, "36": 0, "37": 0, "39": 0, "43": 0, "45": 0, "46": 0, "47": 0, "48": 0, "50": 0, "52": 0, "54": 0, "58": 0, "59": 0, "60": 0, "61": 0, "63": 0, "64": 0, "66": 0, "68": 0, "71": 0, "73": 0, "74": 0, "75": 0, "76": 0, "79": 0, "84": 0, "87": 0, "88": 0, "91": 0, "92": 0, "94": 0, "95": 0, "98": 0, "99": 0, "1": 1, "2": 1, "3": 1, "13": 1, "17": 1, "22": 1, "23": 1, "38": 1, "42": 1, "57": 1, "77": 1, "80": 1, "82": 1, "90": 1, "93": 1, "96": 1, "97": 1, "12": 2, "16": 2, "26": 2, "34": 2, "35": 2, "55": 2, "69": 2, "83": 2, "85": 2, "86": 2}, "sampling_time": [[28.943289756774902, 100, 0.28943289756774904], [28.5894775390625, 100, 0.285894775390625], [29.04965829849243, 100, 0.2904965829849243]], "all_failure_modes": {"0": {"0": [["h-aligned", 3, 2], ["h-aligned", 2, 3]], "1": [["cfree", 0, 3]], "2": [["cfree", 0, 3]], "3": [["away-from", 1, 2], ["away-from", 2, 1]], "9": [["left-of", 2, 3], ["right-in", 2, 0]], "12": [["cfree", 0, 1]], "13": [["cfree", 0, 3]], "16": [["cfree", 0, 2]], "17": [["h-aligned", 2, 1], ["h-aligned", 1, 2]], "18": [["cfree", 2, 3]], "21": [["center-in", 2, 0]], "22": [["cfree", 0, 2]], "23": [["cfree", 0, 3]], "26": [["cfree", 0, 1]], "27": [["bottom-in", 2, 0]], "28": [["cfree", 0, 1]], "30": [["cfree", 0, 3]], "34": [["right-in", 3, 0], ["v-aligned", 3, 2], ["v-aligned", 2, 3]], "35": [["center-in", 1, 0]], "38": [["cfree", 1, 3]], "40": [["cfree", 0, 1], ["cfree", 0, 2]], "41": [["right-in", 3, 0]], "42": [["cfree", 0, 3]], "44": [["cfree", 0, 3], ["cfree", 0, 2]], "49": [["cfree", 0, 1]], "51": [["cfree", 0, 1]], "53": [["left-in", 2, 0], ["left-of", 2, 3]], "55": [["h-aligned", 2, 1], ["h-aligned", 1, 2]], "56": [["cfree", 0, 3]], "57": [["cfree", 0, 3]], "62": [["bottom-in", 1, 0]], "65": [["h-aligned", 2, 1], ["h-aligned", 1, 2]], "67": [["bottom-in", 2, 0], ["v-aligned", 3, 2], ["v-aligned", 2, 3]], "69": [["v-aligned", 3, 2], ["v-aligned", 2, 3]], "70": [["cfree", 0, 3]], "72": [["cfree", 0, 1]], "77": [["v-aligned", 3, 2], ["v-aligned", 2, 3]], "78": [["bottom-in", 1, 0]], "80": [["away-from", 2, 3], ["away-from", 3, 2], ["center-in", 3, 0]], "81": [["cfree", 0, 1], ["cfree", 0, 3]], "82": [["away-from", 1, 3], ["away-from", 3, 1]], "83": [["cfree", 0, 3]], "85": [["cfree", 0, 3]], "86": [["cfree", 1, 2]], "89": [["close-to", 1, 2], ["close-to", 2, 1], ["h-aligned", 3, 2], ["h-aligned", 2, 3]], "90": [["cfree", 0, 1], ["cfree", 1, 3]], "93": [["cfree", 0, 1]], "96": [["left-of", 1, 2]], "97": [["cfree", 0, 3]]}, "1": {"0": [["cfree", 0, 3]], "9": [["close-to", 1, 2], ["close-to", 2, 1]], "12": [["cfree", 0, 1]], "16": [["cfree", 0, 2]], "18": [["cfree", 0, 1], ["cfree", 2, 3]], "21": [["cfree", 0, 2]], "26": [["cfree", 0, 1]], "27": [["cfree", 0, 2], ["cfree", 1, 2]], "28": [["cfree", 0, 1], ["cfree", 0, 2]], "30": [["cfree", 0, 2], ["cfree", 2, 3]], "34": [["v-aligned", 3, 2], ["v-aligned", 2, 3]], "35": [["center-in", 1, 0]], "40": [["cfree", 0, 1]], "41": [["away-from", 2, 3], ["away-from", 3, 2], ["left-of", 1, 3]], "44": [["cfree", 0, 3]], "49": [["cfree", 0, 1], ["cfree", 0, 2]], "51": [["right-in", 3, 0]], "53": [["left-in", 2, 0], ["left-of", 2, 3]], "55": [["cfree", 0, 3]], "56": [["cfree", 1, 3]], "62": [["bottom-in", 1, 0]], "65": [["h-aligned", 2, 1], ["h-aligned", 1, 2]], "67": [["v-aligned", 3, 2], ["v-aligned", 2, 3]], "69": [["v-aligned", 3, 2], ["v-aligned", 2, 3]], "70": [["cfree", 0, 3]], "72": [["cfree", 0, 1]], "78": [["bottom-in", 1, 0]], "81": [["cfree", 0, 2], ["cfree", 0, 3]], "83": [["cfree", 0, 3], ["cfree", 0, 2]], "85": [["cfree", 0, 3]], "86": [["cfree", 1, 2]], "89": [["close-to", 1, 2], ["close-to", 2, 1], ["left-of", 2, 3]]}, "2": {"0": [["cfree", 0, 3]], "9": [["close-to", 1, 2], ["close-to", 2, 1], ["h-aligned", 2, 1], ["h-aligned", 1, 2], ["right-in", 2, 0]], "18": [["cfree", 2, 3]], "21": [["h-aligned", 3, 2], ["h-aligned", 2, 3]], "27": [["bottom-in", 2, 0]], "28": [["close-to", 2, 3], ["close-to", 3, 2]], "30": [["cfree", 0, 1]], "40": [["cfree", 0, 1], ["cfree", 0, 2]], "41": [["cfree", 2, 3]], "44": [["cfree", 0, 3], ["cfree", 0, 2]], "49": [["cfree", 0, 1]], "51": [["cfree", 0, 2]], "53": [["cfree", 0, 1]], "56": [["cfree", 2, 3]], "62": [["cfree", 0, 2]], "65": [["cfree", 0, 2]], "67": [["bottom-in", 2, 0]], "70": [["top-of", 2, 1]], "72": [["cfree", 0, 1]], "78": [["cfree", 0, 2]], "81": [["cfree", 0, 1], ["cfree", 0, 2]], "89": [["left-of", 2, 3], ["right-in", 3, 0]]}}, "eval_tries": 2, "visualize": false}}