{"3": {"success": [[0, 0], [1, 0], [4, 0], [6, 0], [7, 0], [10, 0], [12, 0], [13, 0], [14, 0], [15, 0], [18, 0], [19, 0], [21, 0], [22, 0], [24, 0], [25, 0], [30, 0], [33, 0], [38, 0], [43, 0], [45, 0], [46, 0], [47, 0], [48, 0], [50, 0], [51, 0], [52, 0], [54, 0], [55, 0], [59, 0], [61, 0], [63, 0], [65, 0], [69, 0], [71, 0], [73, 0], [74, 0], [75, 0], [76, 0], [77, 0], [84, 0], [92, 0], [94, 0], [95, 0], [98, 0], [99, 0], [11, 1], [20, 1], [29, 1], [37, 1], [44, 1], [57, 1], [60, 1], [64, 1], [66, 1], [68, 1], [70, 1], [79, 1], [80, 1], [82, 1], [85, 1], [86, 1], [87, 1], [88, 1], [89, 1], [91, 1], [97, 1], [8, 2], [16, 2], [32, 2], [34, 2], [39, 2], [42, 2], [58, 2], [62, 2], [83, 2], [93, 2]], "success_rate": 0.46, "success_rate_top3": 0.77, "success_rounds": {"0": 0, "1": 0, "4": 0, "6": 0, "7": 0, "10": 0, "12": 0, "13": 0, "14": 0, "15": 0, "18": 0, "19": 0, "21": 0, "22": 0, "24": 0, "25": 0, "30": 0, "33": 0, "38": 0, "43": 0, "45": 0, "46": 0, "47": 0, "48": 0, "50": 0, "51": 0, "52": 0, "54": 0, "55": 0, "59": 0, "61": 0, "63": 0, "65": 0, "69": 0, "71": 0, "73": 0, "74": 0, "75": 0, "76": 0, "77": 0, "84": 0, "92": 0, "94": 0, "95": 0, "98": 0, "99": 0, "11": 1, "20": 1, "29": 1, "37": 1, "44": 1, "57": 1, "60": 1, "64": 1, "66": 1, "68": 1, "70": 1, "79": 1, "80": 1, "82": 1, "85": 1, "86": 1, "87": 1, "88": 1, "89": 1, "91": 1, "97": 1, "8": 2, "16": 2, "32": 2, "34": 2, "39": 2, "42": 2, "58": 2, "62": 2, "83": 2, "93": 2}, "sampling_time": [[7.972128391265869, 100, 0.07972128391265869], [7.9915547370910645, 100, 0.07991554737091064], [8.049684762954712, 100, 0.08049684762954712]], "all_failure_modes": {"0": {"2": [["cfree", 0, 3]], "3": [["away-from", 1, 2], ["away-from", 2, 1]], "5": [["cfree", 0, 3]], "8": [["away-from", 1, 2], ["away-from", 2, 1]], "9": [["cfree", 1, 2], ["cfree", 2, 3]], "11": [["cfree", 0, 3]], "16": [["v-aligned", 2, 1], ["v-aligned", 1, 2]], "17": [["cfree", 1, 2]], "20": [["cfree", 0, 2]], "23": [["cfree", 0, 3]], "26": [["cfree", 0, 1]], "27": [["cfree", 1, 2]], "28": [["cfree", 0, 2], ["cfree", 0, 1]], "29": [["cfree", 0, 1]], "31": [["cfree", 1, 2], ["cfree", 1, 3]], "32": [["away-from", 2, 3], ["away-from", 3, 2]], "34": [["v-aligned", 3, 2], ["v-aligned", 2, 3]], "35": [["center-in", 1, 0]], "36": [["left-of", 1, 2]], "37": [["v-aligned", 3, 1], ["v-aligned", 1, 3]], "39": [["center-in", 2, 0]], "40": [["away-from", 1, 2], ["away-from", 2, 1], ["away-from", 1, 3], ["away-from", 3, 1]], "41": [["cfree", 0, 2]], "42": [["away-from", 1, 2], ["away-from", 2, 1]], "44": [["cfree", 0, 3], ["cfree", 0, 2]], "49": [["cfree", 0, 2], ["cfree", 0, 3], ["cfree", 2, 3]], "53": [["left-in", 2, 0]], "56": [["cfree", 0, 3]], "57": [["cfree", 0, 3]], "58": [["cfree", 0, 1], ["cfree", 1, 3]], "60": [["v-aligned", 3, 2], ["v-aligned", 2, 3]], "62": [["bottom-in", 1, 0]], "64": [["v-aligned", 2, 1], ["v-aligned", 1, 2]], "66": [["left-of", 1, 2]], "67": [["bottom-in", 2, 0]], "68": [["cfree", 2, 3]], "70": [["cfree", 0, 2]], "72": [["cfree", 0, 1]], "78": [["cfree", 0, 3]], "79": [["left-of", 1, 2]], "80": [["cfree", 0, 3]], "81": [["cfree", 0, 1]], "82": [["away-from", 1, 3], ["away-from", 3, 1]], "83": [["cfree", 0, 3]], "85": [["cfree", 0, 3]], "86": [["cfree", 1, 2]], "87": [["cfree", 0, 3]], "88": [["v-aligned", 3, 1], ["v-aligned", 1, 3]], "89": [["cfree", 0, 2]], "90": [["cfree", 0, 2]], "91": [["cfree", 0, 2]], "93": [["cfree", 0, 1]], "96": [["h-aligned", 2, 1], ["h-aligned", 1, 2]], "97": [["v-aligned", 3, 2], ["v-aligned", 2, 3]]}, "1": {"2": [["close-to", 2, 3], ["close-to", 3, 2]], "3": [["h-aligned", 2, 1], ["h-aligned", 1, 2]], "5": [["away-from", 1, 3], ["away-from", 3, 1]], "8": [["away-from", 1, 2], ["away-from", 2, 1]], "9": [["right-in", 2, 0]], "16": [["cfree", 0, 2]], "17": [["close-to", 1, 2], ["close-to", 2, 1]], "23": [["h-aligned", 3, 2], ["h-aligned", 2, 3]], "26": [["cfree", 0, 1]], "27": [["cfree", 1, 2]], "28": [["cfree", 0, 1]], "31": [["cfree", 0, 1], ["cfree", 1, 3]], "32": [["cfree", 0, 3]], "34": [["cfree", 0, 2]], "35": [["cfree", 0, 2], ["cfree", 0, 1]], "36": [["away-from", 1, 3], ["away-from", 3, 1]], "39": [["center-in", 2, 0]], "40": [["cfree", 0, 2], ["cfree", 0, 3]], "41": [["cfree", 2, 3]], "42": [["cfree", 0, 3]], "49": [["cfree", 0, 1]], "53": [["left-in", 2, 0]], "56": [["cfree", 0, 2], ["cfree", 1, 3], ["cfree", 2, 3]], "58": [["cfree", 0, 3]], "62": [["bottom-in", 1, 0]], "67": [["cfree", 0, 1]], "72": [["cfree", 0, 1]], "78": [["left-of", 2, 3], ["v-aligned", 2, 1], ["v-aligned", 1, 2]], "81": [["cfree", 0, 1], ["cfree", 0, 2]], "83": [["v-aligned", 2, 1], ["v-aligned", 1, 2]], "90": [["cfree", 0, 2]], "93": [["cfree", 0, 1]], "96": [["left-of", 2, 3]]}, "2": {"2": [["close-to", 2, 3], ["close-to", 3, 2]], "3": [["cfree", 0, 3]], "5": [["away-from", 1, 3], ["away-from", 3, 1]], "9": [["cfree", 0, 1]], "17": [["close-to", 1, 2], ["close-to", 2, 1]], "23": [["left-of", 2, 3]], "26": [["cfree", 0, 2], ["cfree", 0, 1]], "27": [["bottom-in", 2, 0]], "28": [["cfree", 0, 1], ["cfree", 0, 2]], "31": [["close-to", 1, 3], ["close-to", 3, 1], ["left-of", 2, 3]], "35": [["cfree", 0, 2]], "36": [["away-from", 1, 3], ["away-from", 3, 1]], "40": [["cfree", 0, 1], ["cfree", 0, 2]], "41": [["cfree", 2, 3]], "49": [["cfree", 0, 1]], "53": [["left-in", 2, 0], ["left-of", 2, 3]], "56": [["cfree", 2, 3]], "67": [["bottom-in", 2, 0]], "72": [["cfree", 0, 1]], "78": [["bottom-in", 1, 0]], "81": [["cfree", 0, 3]], "90": [["cfree", 0, 3]], "96": [["h-aligned", 2, 1], ["h-aligned", 1, 2]]}}, "eval_tries": 2, "visualize": false}}