{"3": {"success": [[0, 0], [1, 0], [2, 0], [6, 0], [7, 0], [8, 0], [11, 0], [13, 0], [16, 0], [18, 0], [20, 0], [23, 0], [24, 0], [33, 0], [34, 0], [38, 0], [39, 0], [41, 0], [44, 0], [45, 0], [46, 0], [48, 0], [51, 0], [54, 0], [58, 0], [59, 0], [61, 0], [62, 0], [63, 0], [64, 0], [66, 0], [68, 0], [70, 0], [71, 0], [73, 0], [75, 0], [79, 0], [84, 0], [85, 0], [86, 0], [88, 0], [89, 0], [91, 0], [92, 0], [93, 0], [95, 0], [4, 1], [5, 1], [21, 1], [29, 1], [37, 1], [52, 1], [57, 1], [69, 1], [72, 1], [77, 1], [80, 1], [87, 1], [94, 1], [96, 1], [97, 1], [14, 2], [17, 2], [35, 2], [42, 2], [43, 2], [47, 2], [74, 2]], "success_rate": 0.46, "success_rate_top3": 0.68, "success_rounds": {"0": 0, "1": 0, "2": 0, "6": 0, "7": 0, "8": 0, "11": 0, "13": 0, "16": 0, "18": 0, "20": 0, "23": 0, "24": 0, "33": 0, "34": 0, "38": 0, "39": 0, "41": 0, "44": 0, "45": 0, "46": 0, "48": 0, "51": 0, "54": 0, "58": 0, "59": 0, "61": 0, "62": 0, "63": 0, "64": 0, "66": 0, "68": 0, "70": 0, "71": 0, "73": 0, "75": 0, "79": 0, "84": 0, "85": 0, "86": 0, "88": 0, "89": 0, "91": 0, "92": 0, "93": 0, "95": 0, "4": 1, "5": 1, "21": 1, "29": 1, "37": 1, "52": 1, "57": 1, "69": 1, "72": 1, "77": 1, "80": 1, "87": 1, "94": 1, "96": 1, "97": 1, "14": 2, "17": 2, "35": 2, "42": 2, "43": 2, "47": 2, "74": 2}, "sampling_time": [[3.162583351135254, 100, 0.031625833511352536], [3.181232452392578, 100, 0.03181232452392578], [3.215441942214966, 100, 0.03215441942214966]], "all_failure_modes": {"0": {"3": [["away-from", 1, 2], ["away-from", 2, 1]], "4": [["cfree", 0, 3]], "5": [["away-from", 1, 3], ["away-from", 3, 1]], "9": [["cfree", 1, 2]], "10": [["cfree", 0, 2], ["cfree", 2, 3]], "12": [["cfree", 0, 1], ["cfree", 0, 3], ["cfree", 2, 3]], "14": [["cfree", 0, 1]], "15": [["left-in", 1, 0]], "17": [["close-to", 1, 2], ["close-to", 2, 1]], "19": [["cfree", 0, 3], ["cfree", 0, 2]], "21": [["cfree", 0, 3], ["cfree", 1, 2]], "22": [["cfree", 0, 3], ["cfree", 0, 1], ["cfree", 1, 3]], "25": [["cfree", 0, 1]], "26": [["cfree", 0, 1]], "27": [["bottom-in", 2, 0]], "28": [["cfree", 0, 2]], "29": [["cfree", 0, 2]], "30": [["cfree", 0, 3]], "31": [["cfree", 0, 1], ["cfree", 0, 2], ["cfree", 1, 3]], "32": [["away-from", 1, 3], ["away-from", 3, 1]], "35": [["cfree", 0, 2]], "36": [["away-from", 1, 3], ["away-from", 3, 1], ["top-of", 3, 2]], "37": [["cfree", 0, 1]], "40": [["cfree", 0, 1], ["cfree", 0, 2]], "42": [["cfree", 0, 3]], "43": [["right-in", 2, 0]], "47": [["cfree", 0, 3]], "49": [["cfree", 0, 1]], "50": [["cfree", 0, 1]], "52": [["center-in", 1, 0], ["left-of", 2, 3]], "53": [["left-of", 2, 3]], "55": [["h-aligned", 2, 1], ["h-aligned", 1, 2]], "56": [["v-aligned", 2, 1], ["v-aligned", 1, 2]], "57": [["cfree", 0, 2]], "60": [["v-aligned", 3, 2], ["v-aligned", 2, 3]], "65": [["h-aligned", 2, 1], ["h-aligned", 1, 2]], "67": [["v-aligned", 3, 1], ["v-aligned", 1, 3], ["v-aligned", 3, 2], ["v-aligned", 2, 3]], "69": [["bottom-in", 2, 0], ["v-aligned", 3, 2], ["v-aligned", 2, 3]], "72": [["cfree", 0, 1]], "74": [["bottom-in", 1, 0], ["h-aligned", 2, 1], ["h-aligned", 1, 2], ["top-of", 3, 2]], "76": [["cfree", 0, 1], ["cfree", 0, 2]], "77": [["cfree", 0, 3]], "78": [["bottom-in", 1, 0]], "80": [["away-from", 2, 3], ["away-from", 3, 2]], "81": [["cfree", 0, 1], ["cfree", 0, 2]], "82": [["away-from", 1, 3], ["away-from", 3, 1]], "83": [["cfree", 0, 1], ["cfree", 0, 3], ["cfree", 1, 3]], "87": [["cfree", 0, 3]], "90": [["cfree", 0, 3], ["cfree", 0, 2]], "94": [["cfree", 0, 3], ["cfree", 1, 2]], "96": [["left-of", 1, 2]], "97": [["v-aligned", 3, 2], ["v-aligned", 2, 3]], "98": [["cfree", 0, 3]], "99": [["h-aligned", 2, 1], ["h-aligned", 1, 2]]}, "1": {"3": [["away-from", 1, 2], ["away-from", 2, 1]], "9": [["cfree", 0, 1], ["cfree", 2, 3]], "10": [["cfree", 0, 2], ["cfree", 0, 1], ["cfree", 2, 3]], "12": [["cfree", 0, 1], ["cfree", 0, 3], ["cfree", 1, 2], ["cfree", 2, 3]], "14": [["left-of", 1, 2]], "15": [["left-in", 1, 0], ["left-of", 1, 3]], "17": [["close-to", 1, 2], ["close-to", 2, 1]], "19": [["cfree", 2, 3]], "22": [["center-in", 1, 0]], "25": [["cfree", 0, 3]], "26": [["cfree", 0, 2]], "27": [["bottom-in", 2, 0], ["close-to", 1, 2], ["close-to", 2, 1]], "28": [["cfree", 0, 1]], "30": [["cfree", 0, 3]], "31": [["cfree", 1, 3]], "32": [["away-from", 1, 3], ["away-from", 3, 1], ["away-from", 2, 3], ["away-from", 3, 2]], "35": [["cfree", 0, 1]], "36": [["cfree", 0, 1], ["cfree", 0, 3]], "40": [["cfree", 0, 1]], "42": [["cfree", 0, 3], ["cfree", 0, 2]], "43": [["close-to", 2, 3], ["close-to", 3, 2]], "47": [["cfree", 0, 1]], "49": [["center-in", 1, 0], ["close-to", 2, 3], ["close-to", 3, 2]], "50": [["left-of", 2, 3]], "53": [["cfree", 0, 1]], "55": [["h-aligned", 2, 1], ["h-aligned", 1, 2]], "56": [["cfree", 0, 3], ["cfree", 1, 3]], "60": [["away-from", 1, 2], ["away-from", 2, 1]], "65": [["h-aligned", 2, 1], ["h-aligned", 1, 2]], "67": [["bottom-in", 2, 0]], "74": [["top-of", 3, 2]], "76": [["cfree", 0, 2], ["cfree", 2, 3]], "78": [["cfree", 0, 3], ["cfree", 1, 3]], "81": [["cfree", 0, 2], ["cfree", 0, 1]], "82": [["v-aligned", 2, 1], ["v-aligned", 1, 2]], "83": [["cfree", 0, 3]], "90": [["cfree", 0, 3]], "98": [["v-aligned", 2, 1], ["v-aligned", 1, 2]], "99": [["h-aligned", 2, 1], ["h-aligned", 1, 2], ["top-of", 3, 2]]}, "2": {"3": [["cfree", 0, 3], ["cfree", 0, 2]], "9": [["cfree", 2, 3]], "10": [["cfree", 0, 3], ["cfree", 0, 2]], "12": [["cfree", 0, 1], ["cfree", 0, 3], ["cfree", 1, 2], ["cfree", 2, 3]], "15": [["left-in", 1, 0], ["left-of", 1, 2]], "19": [["cfree", 0, 3]], "22": [["center-in", 1, 0]], "25": [["top-in", 2, 0], ["v-aligned", 3, 1], ["v-aligned", 1, 3]], "26": [["cfree", 0, 1]], "27": [["bottom-in", 2, 0], ["close-to", 1, 2], ["close-to", 2, 1]], "28": [["cfree", 0, 1], ["cfree", 0, 2]], "30": [["cfree", 0, 3]], "31": [["cfree", 1, 2]], "32": [["away-from", 1, 3], ["away-from", 3, 1], ["away-from", 2, 3], ["away-from", 3, 2], ["h-aligned", 2, 1], ["h-aligned", 1, 2]], "36": [["away-from", 1, 3], ["away-from", 3, 1]], "40": [["cfree", 0, 1]], "49": [["cfree", 0, 1], ["cfree", 1, 2], ["cfree", 2, 3]], "50": [["cfree", 0, 1]], "53": [["left-in", 2, 0]], "55": [["cfree", 1, 3]], "56": [["v-aligned", 2, 1], ["v-aligned", 1, 2]], "60": [["away-from", 1, 2], ["away-from", 2, 1]], "65": [["cfree", 0, 1]], "67": [["bottom-in", 2, 0]], "76": [["cfree", 0, 2], ["cfree", 2, 3]], "78": [["cfree", 0, 1], ["cfree", 0, 3]], "81": [["cfree", 0, 2]], "82": [["cfree", 0, 2], ["cfree", 0, 1], ["cfree", 1, 2]], "83": [["cfree", 0, 2], ["cfree", 0, 3]], "90": [["cfree", 0, 3]], "98": [["v-aligned", 2, 1], ["v-aligned", 1, 2]], "99": [["cfree", 0, 1]]}}, "eval_tries": 2, "visualize": false}}