{"3": {"success": [[1, 0], [4, 0], [5, 0], [6, 0], [7, 0], [8, 0], [10, 0], [11, 0], [18, 0], [20, 0], [25, 0], [30, 0], [34, 0], [37, 0], [38, 0], [43, 0], [45, 0], [46, 0], [47, 0], [48, 0], [56, 0], [57, 0], [64, 0], [65, 0], [66, 0], [68, 0], [69, 0], [71, 0], [74, 0], [75, 0], [76, 0], [77, 0], [79, 0], [80, 0], [81, 0], [84, 0], [85, 0], [87, 0], [88, 0], [91, 0], [92, 0], [94, 0], [96, 0], [97, 0], [99, 0], [0, 1], [12, 1], [14, 1], [16, 1], [17, 1], [19, 1], [21, 1], [24, 1], [28, 1], [29, 1], [36, 1], [42, 1], [54, 1], [60, 1], [62, 1], [63, 1], [73, 1], [82, 1], [95, 1], [98, 1], [2, 2], [3, 2], [13, 2], [22, 2], [23, 2], [32, 2], [33, 2], [35, 2], [41, 2], [44, 2], [51, 2], [52, 2], [55, 2], [58, 2], [59, 2], [61, 2], [70, 2], [86, 2]], "success_rate": 0.45, "success_rate_top3": 0.83, "success_rounds": {"1": 0, "4": 0, "5": 0, "6": 0, "7": 0, "8": 0, "10": 0, "11": 0, "18": 0, "20": 0, "25": 0, "30": 0, "34": 0, "37": 0, "38": 0, "43": 0, "45": 0, "46": 0, "47": 0, "48": 0, "56": 0, "57": 0, "64": 0, "65": 0, "66": 0, "68": 0, "69": 0, "71": 0, "74": 0, "75": 0, "76": 0, "77": 0, "79": 0, "80": 0, "81": 0, "84": 0, "85": 0, "87": 0, "88": 0, "91": 0, "92": 0, "94": 0, "96": 0, "97": 0, "99": 0, "0": 1, "12": 1, "14": 1, "16": 1, "17": 1, "19": 1, "21": 1, "24": 1, "28": 1, "29": 1, "36": 1, "42": 1, "54": 1, "60": 1, "62": 1, "63": 1, "73": 1, "82": 1, "95": 1, "98": 1, "2": 2, "3": 2, "13": 2, "22": 2, "23": 2, "32": 2, "33": 2, "35": 2, "41": 2, "44": 2, "51": 2, "52": 2, "55": 2, "58": 2, "59": 2, "61": 2, "70": 2, "86": 2}, "sampling_time": [[24.052284717559814, 100, 0.24052284717559813], [23.91864800453186, 100, 0.23918648004531862], [24.08663558959961, 100, 0.2408663558959961]], "all_failure_modes": {"0": {"0": [["cfree", 0, 1]], "2": [["cfree", 0, 3]], "3": [["cfree", 0, 3]], "9": [["cfree", 0, 2], ["cfree", 0, 1], ["cfree", 1, 2], ["cfree", 2, 3]], "12": [["cfree", 0, 1]], "13": [["cfree", 2, 3]], "14": [["left-of", 1, 2]], "15": [["left-of", 1, 2]], "16": [["cfree", 0, 3]], "17": [["close-to", 1, 2], ["close-to", 2, 1]], "19": [["cfree", 0, 2], ["cfree", 2, 3]], "21": [["center-in", 2, 0]], "22": [["center-in", 1, 0]], "23": [["cfree", 0, 3]], "24": [["cfree", 0, 3]], "26": [["cfree", 0, 1], ["cfree", 0, 2]], "27": [["bottom-in", 2, 0]], "28": [["cfree", 0, 1]], "29": [["cfree", 0, 1]], "31": [["cfree", 0, 2], ["cfree", 0, 1], ["cfree", 1, 2]], "32": [["cfree", 0, 1]], "33": [["v-aligned", 3, 2], ["v-aligned", 2, 3]], "35": [["center-in", 1, 0]], "36": [["top-of", 3, 2]], "39": [["left-in", 2, 0]], "40": [["cfree", 0, 1]], "41": [["cfree", 2, 3]], "42": [["h-aligned", 2, 1], ["h-aligned", 1, 2]], "44": [["cfree", 0, 1]], "49": [["cfree", 0, 3], ["cfree", 0, 1]], "50": [["h-aligned", 3, 2], ["h-aligned", 2, 3]], "51": [["cfree", 0, 2]], "52": [["left-of", 2, 3], ["top-of", 2, 1]], "53": [["h-aligned", 3, 1], ["h-aligned", 1, 3], ["left-in", 2, 0], ["left-of", 2, 3]], "54": [["v-aligned", 3, 1], ["v-aligned", 1, 3]], "55": [["cfree", 0, 3], ["cfree", 1, 3]], "58": [["cfree", 0, 2], ["cfree", 0, 3]], "59": [["cfree", 0, 3]], "60": [["away-from", 1, 2], ["away-from", 2, 1], ["v-aligned", 3, 2], ["v-aligned", 2, 3]], "61": [["cfree", 0, 3]], "62": [["bottom-in", 1, 0]], "63": [["cfree", 0, 1]], "67": [["v-aligned", 3, 1], ["v-aligned", 1, 3]], "70": [["top-of", 2, 1]], "72": [["v-aligned", 3, 2], ["v-aligned", 2, 3]], "73": [["away-from", 1, 3], ["away-from", 3, 1]], "78": [["bottom-in", 1, 0]], "82": [["away-from", 1, 3], ["away-from", 3, 1]], "83": [["v-aligned", 2, 1], ["v-aligned", 1, 2]], "86": [["cfree", 1, 2]], "89": [["left-of", 2, 3]], "90": [["cfree", 0, 2]], "93": [["cfree", 0, 1]], "95": [["cfree", 0, 1]], "98": [["v-aligned", 2, 1], ["v-aligned", 1, 2]]}, "1": {"2": [["cfree", 2, 3]], "3": [["cfree", 0, 3], ["cfree", 0, 2]], "9": [["close-to", 1, 2], ["close-to", 2, 1]], "13": [["cfree", 0, 1], ["cfree", 0, 3]], "15": [["left-of", 1, 3]], "22": [["center-in", 1, 0]], "23": [["h-aligned", 3, 2], ["h-aligned", 2, 3]], "26": [["cfree", 0, 1], ["cfree", 0, 2]], "27": [["top-of", 3, 2]], "31": [["cfree", 0, 2], ["cfree", 0, 1], ["cfree", 1, 2]], "32": [["cfree", 0, 1]], "33": [["cfree", 0, 3]], "35": [["cfree", 0, 1]], "39": [["cfree", 0, 1], ["cfree", 0, 2]], "40": [["cfree", 0, 1], ["cfree", 0, 2]], "41": [["left-of", 1, 3]], "44": [["cfree", 0, 3], ["cfree", 0, 2]], "49": [["cfree", 0, 1]], "50": [["top-of", 2, 1]], "51": [["cfree", 0, 2]], "52": [["cfree", 0, 3]], "53": [["cfree", 0, 1]], "55": [["cfree", 1, 3]], "58": [["cfree", 0, 1]], "59": [["center-in", 2, 0]], "61": [["h-aligned", 3, 1], ["h-aligned", 1, 3]], "67": [["v-aligned", 3, 2], ["v-aligned", 2, 3]], "70": [["cfree", 0, 2]], "72": [["cfree", 0, 1]], "78": [["bottom-in", 1, 0], ["left-of", 2, 3], ["v-aligned", 2, 1], ["v-aligned", 1, 2]], "83": [["v-aligned", 2, 1], ["v-aligned", 1, 2]], "86": [["cfree", 1, 2]], "89": [["center-in", 1, 0], ["left-of", 2, 3]], "90": [["cfree", 0, 2]], "93": [["cfree", 0, 1]]}, "2": {"9": [["close-to", 1, 2], ["close-to", 2, 1], ["h-aligned", 2, 1], ["h-aligned", 1, 2], ["left-of", 2, 3], ["right-in", 2, 0]], "15": [["left-in", 1, 0]], "26": [["h-aligned", 3, 2], ["h-aligned", 2, 3]], "27": [["cfree", 1, 2]], "31": [["cfree", 1, 2], ["cfree", 1, 3]], "39": [["center-in", 2, 0]], "40": [["cfree", 0, 1], ["cfree", 0, 2]], "49": [["cfree", 0, 1]], "50": [["cfree", 0, 1]], "53": [["left-in", 2, 0]], "67": [["bottom-in", 2, 0], ["v-aligned", 3, 1], ["v-aligned", 1, 3]], "72": [["cfree", 0, 1]], "78": [["bottom-in", 1, 0]], "83": [["cfree", 0, 2]], "89": [["center-in", 1, 0], ["close-to", 1, 2], ["close-to", 2, 1], ["left-of", 2, 3]], "90": [["top-in", 3, 0]], "93": [["cfree", 0, 1]]}}, "eval_tries": 2, "visualize": false}}