{"3": {"success": [[1, 0], [6, 0], [7, 0], [11, 0], [13, 0], [16, 0], [18, 0], [19, 0], [23, 0], [24, 0], [29, 0], [33, 0], [34, 0], [35, 0], [37, 0], [39, 0], [45, 0], [46, 0], [47, 0], [48, 0], [50, 0], [51, 0], [52, 0], [60, 0], [61, 0], [67, 0], [68, 0], [69, 0], [70, 0], [73, 0], [74, 0], [75, 0], [76, 0], [77, 0], [79, 0], [80, 0], [91, 0], [93, 0], [94, 0], [97, 0], [98, 0], [99, 0], [0, 1], [4, 1], [5, 1], [8, 1], [10, 1], [14, 1], [15, 1], [25, 1], [36, 1], [38, 1], [41, 1], [44, 1], [59, 1], [64, 1], [71, 1], [81, 1], [84, 1], [86, 1], [92, 1], [95, 1], [12, 2], [21, 2], [22, 2], [30, 2], [32, 2], [58, 2], [63, 2], [83, 2], [85, 2], [88, 2], [96, 2]], "success_rate": 0.42, "success_rate_top3": 0.73, "success_rounds": {"1": 0, "6": 0, "7": 0, "11": 0, "13": 0, "16": 0, "18": 0, "19": 0, "23": 0, "24": 0, "29": 0, "33": 0, "34": 0, "35": 0, "37": 0, "39": 0, "45": 0, "46": 0, "47": 0, "48": 0, "50": 0, "51": 0, "52": 0, "60": 0, "61": 0, "67": 0, "68": 0, "69": 0, "70": 0, "73": 0, "74": 0, "75": 0, "76": 0, "77": 0, "79": 0, "80": 0, "91": 0, "93": 0, "94": 0, "97": 0, "98": 0, "99": 0, "0": 1, "4": 1, "5": 1, "8": 1, "10": 1, "14": 1, "15": 1, "25": 1, "36": 1, "38": 1, "41": 1, "44": 1, "59": 1, "64": 1, "71": 1, "81": 1, "84": 1, "86": 1, "92": 1, "95": 1, "12": 2, "21": 2, "22": 2, "30": 2, "32": 2, "58": 2, "63": 2, "83": 2, "85": 2, "88": 2, "96": 2}, "sampling_time": [[20.824429035186768, 100, 0.20824429035186767], [20.690330505371094, 100, 0.20690330505371093], [20.929493188858032, 100, 0.2092949318885803]], "all_failure_modes": {"0": {"0": [["h-aligned", 3, 2], ["h-aligned", 2, 3]], "2": [["close-to", 2, 3], ["close-to", 3, 2]], "3": [["cfree", 0, 3]], "4": [["cfree", 0, 3]], "5": [["v-aligned", 3, 2], ["v-aligned", 2, 3]], "8": [["away-from", 1, 2], ["away-from", 2, 1]], "9": [["cfree", 0, 2]], "10": [["cfree", 0, 2], ["cfree", 2, 3]], "12": [["cfree", 0, 1]], "14": [["top-of", 3, 2]], "15": [["left-of", 1, 3]], "17": [["h-aligned", 2, 1], ["h-aligned", 1, 2]], "20": [["cfree", 0, 2]], "21": [["cfree", 0, 2]], "22": [["cfree", 0, 2]], "25": [["top-in", 2, 0]], "26": [["cfree", 0, 1]], "27": [["bottom-in", 2, 0]], "28": [["cfree", 0, 1], ["cfree", 0, 2]], "30": [["cfree", 0, 2]], "31": [["cfree", 1, 2]], "32": [["cfree", 0, 1]], "36": [["away-from", 1, 3], ["away-from", 3, 1]], "38": [["close-to", 1, 3], ["close-to", 3, 1]], "40": [["cfree", 0, 1]], "41": [["cfree", 2, 3]], "42": [["cfree", 0, 2]], "43": [["cfree", 2, 3]], "44": [["away-from", 1, 3], ["away-from", 3, 1]], "49": [["cfree", 0, 1], ["cfree", 1, 2]], "53": [["left-in", 2, 0]], "54": [["cfree", 2, 3]], "55": [["h-aligned", 2, 1], ["h-aligned", 1, 2]], "56": [["cfree", 1, 3]], "57": [["cfree", 0, 3]], "58": [["cfree", 0, 3]], "59": [["cfree", 0, 3]], "62": [["bottom-in", 1, 0]], "63": [["cfree", 0, 3]], "64": [["v-aligned", 2, 1], ["v-aligned", 1, 2]], "65": [["cfree", 0, 2]], "66": [["cfree", 0, 2]], "71": [["v-aligned", 3, 1], ["v-aligned", 1, 3]], "72": [["cfree", 0, 1]], "78": [["cfree", 0, 2]], "81": [["cfree", 0, 1]], "82": [["away-from", 1, 3], ["away-from", 3, 1]], "83": [["cfree", 0, 3]], "84": [["v-aligned", 2, 1], ["v-aligned", 1, 2]], "85": [["left-in", 1, 0]], "86": [["h-aligned", 2, 1], ["h-aligned", 1, 2]], "87": [["v-aligned", 2, 1], ["v-aligned", 1, 2]], "88": [["v-aligned", 3, 1], ["v-aligned", 1, 3]], "89": [["left-of", 2, 3]], "90": [["cfree", 0, 2]], "92": [["h-aligned", 3, 1], ["h-aligned", 1, 3], ["h-aligned", 3, 2], ["h-aligned", 2, 3]], "95": [["close-to", 2, 3], ["close-to", 3, 2]], "96": [["h-aligned", 2, 1], ["h-aligned", 1, 2]]}, "1": {"2": [["cfree", 0, 3]], "3": [["away-from", 1, 2], ["away-from", 2, 1]], "9": [["cfree", 1, 2], ["cfree", 2, 3]], "12": [["cfree", 0, 3]], "17": [["cfree", 0, 1], ["cfree", 0, 3]], "20": [["cfree", 0, 2]], "21": [["center-in", 2, 0]], "22": [["center-in", 1, 0]], "26": [["cfree", 0, 1], ["cfree", 0, 2]], "27": [["cfree", 1, 2]], "28": [["close-to", 2, 3], ["close-to", 3, 2]], "30": [["cfree", 0, 3]], "31": [["cfree", 1, 2], ["cfree", 1, 3]], "32": [["cfree", 0, 3]], "40": [["cfree", 0, 1], ["cfree", 0, 2]], "42": [["cfree", 0, 3]], "43": [["cfree", 0, 3]], "49": [["cfree", 0, 3], ["cfree", 0, 1]], "53": [["h-aligned", 3, 1], ["h-aligned", 1, 3], ["left-in", 2, 0]], "54": [["cfree", 0, 3]], "55": [["cfree", 1, 3]], "56": [["close-to", 2, 3], ["close-to", 3, 2], ["v-aligned", 2, 1], ["v-aligned", 1, 2]], "57": [["cfree", 0, 3], ["cfree", 0, 2]], "58": [["cfree", 0, 1]], "62": [["bottom-in", 1, 0]], "63": [["cfree", 0, 1]], "65": [["h-aligned", 2, 1], ["h-aligned", 1, 2]], "66": [["h-aligned", 2, 1], ["h-aligned", 1, 2], ["top-of", 3, 2]], "72": [["cfree", 0, 1]], "78": [["bottom-in", 1, 0]], "82": [["v-aligned", 2, 1], ["v-aligned", 1, 2]], "83": [["cfree", 0, 3]], "85": [["left-in", 1, 0]], "87": [["v-aligned", 2, 1], ["v-aligned", 1, 2]], "88": [["cfree", 0, 1]], "89": [["left-of", 2, 3]], "90": [["top-in", 3, 0]], "96": [["h-aligned", 3, 2], ["h-aligned", 2, 3]]}, "2": {"2": [["h-aligned", 3, 1], ["h-aligned", 1, 3]], "3": [["away-from", 1, 2], ["away-from", 2, 1]], "9": [["close-to", 1, 2], ["close-to", 2, 1], ["left-of", 2, 3], ["right-in", 2, 0]], "17": [["h-aligned", 2, 1], ["h-aligned", 1, 2]], "20": [["cfree", 0, 2]], "26": [["cfree", 0, 1]], "27": [["bottom-in", 2, 0]], "28": [["cfree", 0, 1]], "31": [["cfree", 0, 1]], "40": [["cfree", 0, 1]], "42": [["away-from", 1, 2], ["away-from", 2, 1]], "43": [["cfree", 0, 3]], "49": [["cfree", 1, 2]], "53": [["cfree", 0, 1]], "54": [["v-aligned", 3, 1], ["v-aligned", 1, 3]], "55": [["cfree", 0, 3]], "56": [["close-to", 2, 3], ["close-to", 3, 2], ["v-aligned", 2, 1], ["v-aligned", 1, 2]], "57": [["top-of", 3, 1]], "62": [["cfree", 0, 2]], "65": [["h-aligned", 2, 1], ["h-aligned", 1, 2]], "66": [["cfree", 0, 1], ["cfree", 0, 2]], "72": [["cfree", 0, 1]], "78": [["v-aligned", 2, 1], ["v-aligned", 1, 2]], "82": [["away-from", 1, 3], ["away-from", 3, 1]], "87": [["cfree", 0, 3]], "89": [["h-aligned", 3, 2], ["h-aligned", 2, 3], ["left-of", 2, 3]], "90": [["cfree", 0, 2]]}}, "eval_tries": 2, "visualize": false}}