{"3": {"success": [[0, 0], [1, 0], [4, 0], [7, 0], [8, 0], [9, 0], [10, 0], [11, 0], [12, 0], [14, 0], [19, 0], [21, 0], [23, 0], [25, 0], [29, 0], [30, 0], [32, 0], [33, 0], [35, 0], [38, 0], [44, 0], [45, 0], [46, 0], [48, 0], [50, 0], [54, 0], [59, 0], [61, 0], [65, 0], [68, 0], [69, 0], [70, 0], [71, 0], [73, 0], [74, 0], [75, 0], [76, 0], [77, 0], [79, 0], [84, 0], [86, 0], [88, 0], [89, 0], [92, 0], [94, 0], [95, 0], [97, 0], [98, 0], [2, 1], [5, 1], [6, 1], [13, 1], [18, 1], [22, 1], [31, 1], [36, 1], [37, 1], [39, 1], [42, 1], [47, 1], [51, 1], [52, 1], [55, 1], [57, 1], [60, 1], [62, 1], [63, 1], [64, 1], [66, 1], [91, 1], [96, 1], [99, 1], [3, 2], [16, 2], [34, 2], [43, 2], [87, 2]], "success_rate": 0.48, "success_rate_top3": 0.77, "success_rounds": {"0": 0, "1": 0, "4": 0, "7": 0, "8": 0, "9": 0, "10": 0, "11": 0, "12": 0, "14": 0, "19": 0, "21": 0, "23": 0, "25": 0, "29": 0, "30": 0, "32": 0, "33": 0, "35": 0, "38": 0, "44": 0, "45": 0, "46": 0, "48": 0, "50": 0, "54": 0, "59": 0, "61": 0, "65": 0, "68": 0, "69": 0, "70": 0, "71": 0, "73": 0, "74": 0, "75": 0, "76": 0, "77": 0, "79": 0, "84": 0, "86": 0, "88": 0, "89": 0, "92": 0, "94": 0, "95": 0, "97": 0, "98": 0, "2": 1, "5": 1, "6": 1, "13": 1, "18": 1, "22": 1, "31": 1, "36": 1, "37": 1, "39": 1, "42": 1, "47": 1, "51": 1, "52": 1, "55": 1, "57": 1, "60": 1, "62": 1, "63": 1, "64": 1, "66": 1, "91": 1, "96": 1, "99": 1, "3": 2, "16": 2, "34": 2, "43": 2, "87": 2}, "sampling_time": [[19.304311752319336, 100, 0.19304311752319336], [19.127190589904785, 100, 0.19127190589904786], [19.296104669570923, 100, 0.19296104669570924]], "all_failure_modes": {"0": {"2": [["close-to", 2, 3], ["close-to", 3, 2]], "3": [["cfree", 0, 3]], "5": [["away-from", 1, 3], ["away-from", 3, 1]], "6": [["v-aligned", 2, 1], ["v-aligned", 1, 2]], "13": [["cfree", 0, 1]], "15": [["left-in", 1, 0], ["left-of", 1, 3]], "16": [["v-aligned", 2, 1], ["v-aligned", 1, 2]], "17": [["close-to", 1, 2], ["close-to", 2, 1], ["h-aligned", 3, 1], ["h-aligned", 1, 3]], "18": [["cfree", 0, 1]], "20": [["cfree", 0, 3]], "22": [["cfree", 0, 2]], "24": [["v-aligned", 3, 1], ["v-aligned", 1, 3]], "26": [["cfree", 0, 1]], "27": [["bottom-in", 2, 0]], "28": [["cfree", 0, 1]], "31": [["cfree", 1, 3]], "34": [["v-aligned", 3, 2], ["v-aligned", 2, 3]], "36": [["away-from", 1, 3], ["away-from", 3, 1]], "37": [["cfree", 0, 3]], "39": [["left-in", 2, 0]], "40": [["cfree", 0, 3], ["cfree", 0, 1], ["cfree", 0, 2]], "41": [["cfree", 2, 3]], "42": [["h-aligned", 2, 1], ["h-aligned", 1, 2]], "43": [["right-in", 3, 0]], "47": [["cfree", 0, 2]], "49": [["cfree", 0, 1], ["cfree", 0, 2]], "51": [["cfree", 0, 2]], "52": [["cfree", 0, 1]], "53": [["left-in", 2, 0]], "55": [["cfree", 0, 3]], "56": [["cfree", 1, 3]], "57": [["cfree", 0, 1]], "58": [["cfree", 0, 3]], "60": [["away-from", 1, 2], ["away-from", 2, 1]], "62": [["cfree", 0, 1]], "63": [["cfree", 0, 3]], "64": [["left-of", 2, 3]], "66": [["cfree", 0, 2]], "67": [["bottom-in", 2, 0]], "72": [["cfree", 0, 1]], "78": [["bottom-in", 1, 0], ["left-of", 2, 3]], "80": [["cfree", 0, 1]], "81": [["cfree", 0, 1], ["cfree", 0, 2]], "82": [["cfree", 0, 3]], "83": [["cfree", 0, 2]], "85": [["cfree", 0, 3]], "87": [["cfree", 0, 3]], "90": [["cfree", 0, 3]], "91": [["cfree", 0, 1]], "93": [["cfree", 0, 1]], "96": [["left-of", 1, 2]], "99": [["h-aligned", 2, 1], ["h-aligned", 1, 2]]}, "1": {"3": [["away-from", 1, 2], ["away-from", 2, 1]], "15": [["left-in", 1, 0]], "16": [["cfree", 0, 2]], "17": [["cfree", 0, 1]], "20": [["left-of", 2, 3], ["v-aligned", 2, 1], ["v-aligned", 1, 2]], "24": [["v-aligned", 3, 1], ["v-aligned", 1, 3]], "26": [["cfree", 0, 1]], "27": [["bottom-in", 2, 0]], "28": [["cfree", 0, 1]], "34": [["v-aligned", 3, 2], ["v-aligned", 2, 3]], "40": [["cfree", 0, 1], ["cfree", 0, 2]], "41": [["cfree", 0, 2]], "43": [["cfree", 0, 3]], "49": [["cfree", 0, 1]], "53": [["left-in", 2, 0]], "56": [["cfree", 1, 3]], "58": [["cfree", 0, 3]], "67": [["v-aligned", 3, 1], ["v-aligned", 1, 3], ["v-aligned", 3, 2], ["v-aligned", 2, 3]], "72": [["cfree", 0, 1]], "78": [["bottom-in", 1, 0], ["left-of", 2, 3]], "80": [["cfree", 0, 3]], "81": [["cfree", 0, 2]], "82": [["away-from", 1, 3], ["away-from", 3, 1], ["v-aligned", 2, 1], ["v-aligned", 1, 2]], "83": [["cfree", 0, 2]], "85": [["cfree", 0, 3]], "87": [["cfree", 0, 3]], "90": [["cfree", 0, 2]], "93": [["cfree", 0, 1]]}, "2": {"15": [["left-in", 1, 0]], "17": [["cfree", 1, 2]], "20": [["v-aligned", 2, 1], ["v-aligned", 1, 2]], "24": [["cfree", 0, 1]], "26": [["cfree", 0, 1]], "27": [["cfree", 0, 3]], "28": [["cfree", 0, 1], ["cfree", 0, 2]], "40": [["cfree", 0, 1], ["cfree", 0, 2]], "41": [["cfree", 2, 3]], "49": [["cfree", 1, 2]], "53": [["cfree", 0, 1]], "56": [["cfree", 0, 3]], "58": [["cfree", 0, 3], ["cfree", 1, 3]], "67": [["cfree", 0, 1]], "72": [["cfree", 0, 1]], "78": [["v-aligned", 2, 1], ["v-aligned", 1, 2]], "80": [["away-from", 2, 3], ["away-from", 3, 2]], "81": [["cfree", 0, 1], ["cfree", 0, 2]], "82": [["v-aligned", 2, 1], ["v-aligned", 1, 2]], "83": [["cfree", 0, 2], ["cfree", 0, 3]], "85": [["cfree", 0, 3]], "90": [["cfree", 0, 3]], "93": [["cfree", 0, 1]]}}, "eval_tries": 2, "visualize": false}}